servicio,cod_empresa,empresa,centro_poblado,numero_pqrs,latitude,longitude
GAS,488,VANTI S.A. ESP,"BOGOTA, D.C.",39064,4.64993705899,-74.106715324
GAS,618,ALCANOS DE COLOMBIA S.A. E.S.P.,IBAGUE,5944,4.43280938914,-75.1953679078
GAS,488,VANTI S.A. ESP,SOACHA,4985,4.57939176705,-74.2154309452
GAS,629,GASES DE OCCIDENTE S. A. EMPRESA DE SERVICIOS PUBLICOS,SANTIAGO DE CALI,4620,3.4144187719,-76.5215601611
GAS,484,GASES DEL CARIBE S.A. EMPRESA DE SERVICIOS PUBLICOS ,BARRANQUILLA,4357,10.9783195607,-74.8132169683
GAS,498,SURTIDORA DE GAS DEL CARIBE S.A. EMPRESA DE SERVICIOS PUBLICOS ,CARTAGENA DE INDIAS,2879,10.3849883546,-75.4964264795
GAS,564,EMPRESAS PUBLICAS DE MEDELLIN E.S.P.,MEDELLIN,2476,6.24858636743,-75.5760017134
GAS,526,GAS NATURAL DEL ORIENTE SA ESP,BUCARAMANGA,2395,7.11626842734,-73.1325976221
GAS,618,ALCANOS DE COLOMBIA S.A. E.S.P.,NEIVA,2017,2.93555887476,-75.2777314808
GAS,618,ALCANOS DE COLOMBIA S.A. E.S.P.,FUSAGASUGA,2013,4.33667468248,-74.3754601635
GAS,618,ALCANOS DE COLOMBIA S.A. E.S.P.,POPAYAN,1892,2.45994897276,-76.5988923721
GAS,484,GASES DEL CARIBE S.A. EMPRESA DE SERVICIOS PUBLICOS ,SANTA MARTA,1666,11.2047725963,-74.2002109893
GAS,484,GASES DEL CARIBE S.A. EMPRESA DE SERVICIOS PUBLICOS ,SOLEDAD,1399,10.9101742784,-74.7848339582
GAS,526,GAS NATURAL DEL ORIENTE SA ESP,PIEDECUESTA,1123,6.99735677431,-73.0545933904
GAS,526,GAS NATURAL DEL ORIENTE SA ESP,GIRON,924,7.07052391696,-73.1667133582
GAS,484,GASES DEL CARIBE S.A. EMPRESA DE SERVICIOS PUBLICOS ,VALLEDUPAR,788,10.4604806696,-73.2593904181
GAS,618,ALCANOS DE COLOMBIA S.A. E.S.P.,FLORENCIA,713,1.61792408755,-75.6085597398
GAS,618,ALCANOS DE COLOMBIA S.A. E.S.P.,GIRARDOT,701,4.31307939531,-74.7977961492
GAS,2225,GAS NATURAL CUNDIBOYACENSE SA ESP,TUNJA,659,5.5399515492,-73.3554896602
GAS,2225,GAS NATURAL CUNDIBOYACENSE SA ESP,MOSQUERA,657,4.70701024824,-74.2193416046
GAS,526,GAS NATURAL DEL ORIENTE SA ESP,BARRANCABERMEJA,624,7.06496573153,-73.8499567312
GAS,2225,GAS NATURAL CUNDIBOYACENSE SA ESP,MADRID,617,4.73273240481,-74.2637266314
GAS,498,SURTIDORA DE GAS DEL CARIBE S.A. EMPRESA DE SERVICIOS PUBLICOS ,MONTERIA,588,8.75981523965,-75.8732573059
GAS,2225,GAS NATURAL CUNDIBOYACENSE SA ESP,FACATATIVA,558,4.81303164667,-74.3502169563
GAS,618,ALCANOS DE COLOMBIA S.A. E.S.P.,RIONEGRO,528,6.1472245313,-75.3767667557
GAS,1887,EFIGAS GAS NATURAL S.A E.S.P ,MANIZALES,519,5.05768733557,-75.4910467146
GAS,618,ALCANOS DE COLOMBIA S.A. E.S.P.,GARZON,507,2.1964533881,-75.6270510273
GAS,1887,EFIGAS GAS NATURAL S.A E.S.P ,PEREIRA,489,4.80532287092,-75.7190152322
GAS,2225,GAS NATURAL CUNDIBOYACENSE SA ESP,CAJICA,477,4.92081005268,-74.0234537112
GAS,1887,EFIGAS GAS NATURAL S.A E.S.P ,DOSQUEBRADAS,475,4.83402887527,-75.6761693197
GAS,2225,GAS NATURAL CUNDIBOYACENSE SA ESP,ZIPAQUIRA,457,5.02547142431,-73.9944757558
GAS,1887,EFIGAS GAS NATURAL S.A E.S.P ,ARMENIA,442,4.535987208,-75.6807545438
GAS,2225,GAS NATURAL CUNDIBOYACENSE SA ESP,SOGAMOSO,415,5.72568884872,-72.9230476498
GAS,564,EMPRESAS PUBLICAS DE MEDELLIN E.S.P.,BELLO,410,6.33406558292,-75.5546673053
GAS,498,SURTIDORA DE GAS DEL CARIBE S.A. EMPRESA DE SERVICIOS PUBLICOS ,SINCELEJO,407,9.30233021687,-75.395481772
GAS,618,ALCANOS DE COLOMBIA S.A. E.S.P.,EL ESPINAL,403,4.1513156087,-74.8854483928
GAS,618,ALCANOS DE COLOMBIA S.A. E.S.P.,SAN JUAN DE PASTO,399,1.21245507293,-77.27877597
GAS,2225,GAS NATURAL CUNDIBOYACENSE SA ESP,CHIA,390,4.86606490054,-74.0503469604
GAS,618,ALCANOS DE COLOMBIA S.A. E.S.P.,MELGAR,370,4.20394596681,-74.6409314721
GAS,629,GASES DE OCCIDENTE S. A. EMPRESA DE SERVICIOS PUBLICOS,PALMIRA,368,3.53234954501,-76.2985815873
GAS,2225,GAS NATURAL CUNDIBOYACENSE SA ESP,FUNZA,364,4.71038172914,-74.2014894559
GAS,618,ALCANOS DE COLOMBIA S.A. E.S.P.,VILLETA,339,5.01279238093,-74.4697042298
GAS,2225,GAS NATURAL CUNDIBOYACENSE SA ESP,DUITAMA,297,5.82298464605,-73.030610836
GAS,564,EMPRESAS PUBLICAS DE MEDELLIN E.S.P.,ITAGUI,279,6.174929734,-75.6120815283
GAS,618,ALCANOS DE COLOMBIA S.A. E.S.P.,PUERTO SALGAR,260,5.46542650967,-74.6537031753
GAS,620,GASES DEL LLANO S.A EMPRESA DE SERVICIOS PUBLICOS,VILLAVICENCIO,255,4.1238593011,-73.624562528
GAS,525,GAS NATURAL DEL CESAR S.A. EMPRESA DE SERVICIOS PUBLICOS,AGUACHICA,254,8.30735417168,-73.6129927186
GAS,564,EMPRESAS PUBLICAS DE MEDELLIN E.S.P.,ENVIGADO,247,6.16700589298,-75.5830089369
GAS,498,SURTIDORA DE GAS DEL CARIBE S.A. EMPRESA DE SERVICIOS PUBLICOS ,TURBACO,241,10.332772802,-75.424409165
GAS,618,ALCANOS DE COLOMBIA S.A. E.S.P.,SAN SEBASTIAN DE MARIQUITA,233,5.19969320383,-74.8892907058
GAS,618,ALCANOS DE COLOMBIA S.A. E.S.P.,LA VEGA,219,4.993079959,-74.331153833
GAS,618,ALCANOS DE COLOMBIA S.A. E.S.P.,LA PLATA,206,2.3896474978,-75.8914521307
GAS,618,ALCANOS DE COLOMBIA S.A. E.S.P.,FLANDES,204,4.2763717138,-74.8187677213
GAS,629,GASES DE OCCIDENTE S. A. EMPRESA DE SERVICIOS PUBLICOS,BUENAVENTURA,204,3.87580334574,-77.0117477782
GAS,618,ALCANOS DE COLOMBIA S.A. E.S.P.,LA DORADA,204,5.46047440177,-74.6684167053
GAS,978,"GASES DE LA GUAJIRA S.A., EMPRESA DE SERVICIOS PUBLICOS",RIOHACHA,204,11.5287502128,-72.9114873118
GAS,629,GASES DE OCCIDENTE S. A. EMPRESA DE SERVICIOS PUBLICOS,JAMUNDI,201,3.25932906918,-76.5391224672
GAS,618,ALCANOS DE COLOMBIA S.A. E.S.P.,LIBANO,200,4.92041843293,-75.0619532821
GAS,629,GASES DE OCCIDENTE S. A. EMPRESA DE SERVICIOS PUBLICOS,CARTAGO,195,4.758755097,-75.942264044
GAS,484,GASES DEL CARIBE S.A. EMPRESA DE SERVICIOS PUBLICOS ,MALAMBO,192,10.856822692,-74.7748637454
GAS,2225,GAS NATURAL CUNDIBOYACENSE SA ESP,TOCANCIPA,173,4.96478385194,-73.9120940816
GAS,3359,NACIONAL DE SERVICIOS PUBLICOS DOMICILIARIOS S.A. E.S.P.,VELEZ,172,6.010953449,-73.666299069
GAS,629,GASES DE OCCIDENTE S. A. EMPRESA DE SERVICIOS PUBLICOS,TULUA,169,4.08526067539,-76.1977002572
GAS,498,SURTIDORA DE GAS DEL CARIBE S.A. EMPRESA DE SERVICIOS PUBLICOS ,MAGANGUE,166,9.26381346247,-74.7667304396
GAS,1302,GASES DEL ORIENTE S.A.  EMPRESA DE SERVICIOS PUBLICOS DOMICILIARIOS,CUCUTA,162,7.90558402069,-72.5080651202
GAS,484,GASES DEL CARIBE S.A. EMPRESA DE SERVICIOS PUBLICOS ,PUERTO COLOMBIA,161,11.022939949,-74.851963055
GAS,618,ALCANOS DE COLOMBIA S.A. E.S.P.,CHAPARRAL,158,3.72306834875,-75.4807434103
GAS,2225,GAS NATURAL CUNDIBOYACENSE SA ESP,COTA,157,4.81298461,-74.1027271672
GAS,618,ALCANOS DE COLOMBIA S.A. E.S.P.,GUAMO,154,4.03100475679,-74.9681289601
GAS,618,ALCANOS DE COLOMBIA S.A. E.S.P.,RICAURTE,154,4.28211362022,-74.7728657999
GAS,498,SURTIDORA DE GAS DEL CARIBE S.A. EMPRESA DE SERVICIOS PUBLICOS ,SAN JUAN NEPOMUCENO,154,9.95345322129,-75.081354128
GAS,1173,METROGAS DE COLOMBIA S.A. E.S.P. ,FLORIDABLANCA,146,7.07236450273,-73.0990307075
GAS,488,VANTI S.A. ESP,SIBATE,145,4.49261081381,-74.2578772349
GAS,564,EMPRESAS PUBLICAS DE MEDELLIN E.S.P.,SABANETA,138,6.15096981767,-75.6155845416
GAS,618,ALCANOS DE COLOMBIA S.A. E.S.P.,EL CARMEN DE VIBORAL,137,6.08347326731,-75.3342620232
GAS,526,GAS NATURAL DEL ORIENTE SA ESP,FLORIDABLANCA,136,7.07236450273,-73.0990307075
GAS,2225,GAS NATURAL CUNDIBOYACENSE SA ESP,VILLA DE SAN DIEGO DE UBATE,126,5.30754135963,-73.814345661
GAS,618,ALCANOS DE COLOMBIA S.A. E.S.P.,CAJAMARCA,126,4.436677041,-75.435485263
GAS,2225,GAS NATURAL CUNDIBOYACENSE SA ESP,CHIQUINQUIRA,124,5.61412836353,-73.8183869915
GAS,618,ALCANOS DE COLOMBIA S.A. E.S.P.,LERIDA,122,4.86202531088,-74.9106356889
GAS,484,GASES DEL CARIBE S.A. EMPRESA DE SERVICIOS PUBLICOS ,SABANALARGA,114,10.6328326108,-74.9210950072
GAS,618,ALCANOS DE COLOMBIA S.A. E.S.P.,GUARNE,113,6.27802696108,-75.4416535712
GAS,618,ALCANOS DE COLOMBIA S.A. E.S.P.,GUAYABAL,113,5.03067791424,-74.8844145941
GAS,526,GAS NATURAL DEL ORIENTE SA ESP,LEBRIJA,112,7.11335571687,-73.2195525933
GAS,484,GASES DEL CARIBE S.A. EMPRESA DE SERVICIOS PUBLICOS ,FUNDACION,112,10.5140917977,-74.1913417387
GAS,629,GASES DE OCCIDENTE S. A. EMPRESA DE SERVICIOS PUBLICOS,GUADALAJARA DE BUGA,110,3.90082284434,-76.2989614887
GAS,618,ALCANOS DE COLOMBIA S.A. E.S.P.,PURIFICACION,110,3.8572509421,-74.9353707228
GAS,20518,SURCOLOMBIANA DE GAS S.A E.S.P,PITALITO,107,1.85297434352,-76.0490044984
GAS,484,GASES DEL CARIBE S.A. EMPRESA DE SERVICIOS PUBLICOS ,CIENAGA,106,11.0066586077,-74.2412855651
GAS,488,VANTI S.A. ESP,LA MESA,106,4.63104312817,-74.4615492187
GAS,618,ALCANOS DE COLOMBIA S.A. E.S.P.,GUADUAS,101,5.07187008998,-74.6029553866
GAS,498,SURTIDORA DE GAS DEL CARIBE S.A. EMPRESA DE SERVICIOS PUBLICOS ,OVEJAS,99,9.52668815702,-75.2290829562
GAS,629,GASES DE OCCIDENTE S. A. EMPRESA DE SERVICIOS PUBLICOS,YUMBO,99,3.54003276229,-76.4992290977
GAS,618,ALCANOS DE COLOMBIA S.A. E.S.P.,RIVERA,99,2.77757018071,-75.258550208
GAS,564,EMPRESAS PUBLICAS DE MEDELLIN E.S.P.,COPACABANA,98,6.34863947056,-75.5093435119
GAS,484,GASES DEL CARIBE S.A. EMPRESA DE SERVICIOS PUBLICOS ,GALAPA,90,10.9191614915,-74.8703439389
GAS,618,ALCANOS DE COLOMBIA S.A. E.S.P.,MARINILLA,89,6.17404951538,-75.3394598367
GAS,618,ALCANOS DE COLOMBIA S.A. E.S.P.,GIGANTE,88,2.38403102318,-75.5476811212
GAS,498,SURTIDORA DE GAS DEL CARIBE S.A. EMPRESA DE SERVICIOS PUBLICOS ,ARJONA,84,10.256630539,-75.3444876588
GAS,618,ALCANOS DE COLOMBIA S.A. E.S.P.,HOBO,84,2.58082594244,-75.4477305142
GAS,498,SURTIDORA DE GAS DEL CARIBE S.A. EMPRESA DE SERVICIOS PUBLICOS ,SAHAGUN,81,8.94312756605,-75.4459201696
GAS,488,VANTI S.A. ESP,EL COLEGIO,79,4.57835941509,-74.4426667684
GAS,2225,GAS NATURAL CUNDIBOYACENSE SA ESP,PAIPA,78,5.77994168888,-73.1179179167
GAS,618,ALCANOS DE COLOMBIA S.A. E.S.P.,HONDA,78,5.2015089,-74.741577974
GAS,525,GAS NATURAL DEL CESAR S.A. EMPRESA DE SERVICIOS PUBLICOS,AGUSTIN CODAZZI,77,10.040457318,-73.2383965158
GAS,1887,EFIGAS GAS NATURAL S.A E.S.P ,CALARCA,72,4.52148797904,-75.6455330683
GAS,618,ALCANOS DE COLOMBIA S.A. E.S.P.,SAN FRANCISCO,71,4.97291953172,-74.2896710065
GAS,564,EMPRESAS PUBLICAS DE MEDELLIN E.S.P.,CALDAS,69,6.09129760323,-75.6336168248
GAS,525,GAS NATURAL DEL CESAR S.A. EMPRESA DE SERVICIOS PUBLICOS,SAN ALBERTO,68,7.76082444485,-73.3942253371
GAS,498,SURTIDORA DE GAS DEL CARIBE S.A. EMPRESA DE SERVICIOS PUBLICOS ,COROZAL,67,9.31910061656,-75.2931493701
GAS,978,"GASES DE LA GUAJIRA S.A., EMPRESA DE SERVICIOS PUBLICOS",MAICAO,64,11.3783279454,-72.2419044542
GAS,484,GASES DEL CARIBE S.A. EMPRESA DE SERVICIOS PUBLICOS ,BARANOA,63,10.7948815688,-74.916106093
GAS,618,ALCANOS DE COLOMBIA S.A. E.S.P.,ALGECIRAS,62,2.52244696827,-75.3153713579
GAS,618,ALCANOS DE COLOMBIA S.A. E.S.P.,PALERMO,59,2.88937485898,-75.4348239701
GAS,564,EMPRESAS PUBLICAS DE MEDELLIN E.S.P.,LA ESTRELLA,59,6.15841993,-75.645190382
GAS,618,ALCANOS DE COLOMBIA S.A. E.S.P.,SILVANIA,57,4.3819448056,-74.4055246172
GAS,32213,KEOPS Y ASOCIADOS SAS ESP,TAME,57,6.45344199261,-71.7537617572
GAS,498,SURTIDORA DE GAS DEL CARIBE S.A. EMPRESA DE SERVICIOS PUBLICOS ,CAUCASIA,55,7.97734097812,-75.1982784645
GAS,526,GAS NATURAL DEL ORIENTE SA ESP,SABANA DE TORRES,54,7.39191179389,-73.4990518794
GAS,2225,GAS NATURAL CUNDIBOYACENSE SA ESP,VILLA DE LEYVA,54,5.63265703354,-73.5246858959
GAS,498,SURTIDORA DE GAS DEL CARIBE S.A. EMPRESA DE SERVICIOS PUBLICOS ,SANTA CRUZ DE LORICA,54,9.2407803614,-75.8160972268
GAS,629,GASES DE OCCIDENTE S. A. EMPRESA DE SERVICIOS PUBLICOS,EL POBLADO CAMPESTRE,53,3.41089387693,-76.4581358012
GAS,541,GASES DEL CUSIANA S.A. E.S.P,YOPAL,52,5.32761201728,-72.3969155417
GAS,618,ALCANOS DE COLOMBIA S.A. E.S.P.,PUERTO BOYACA,51,5.97664715502,-74.5877827354
GAS,498,SURTIDORA DE GAS DEL CARIBE S.A. EMPRESA DE SERVICIOS PUBLICOS ,CERETE,51,8.88859098259,-75.7961971634
GAS,618,ALCANOS DE COLOMBIA S.A. E.S.P.,PIENDAMO,50,2.641987993,-76.5285068886
GAS,618,ALCANOS DE COLOMBIA S.A. E.S.P.,AGUA DE DIOS,49,4.37531467846,-74.6692192503
GAS,629,GASES DE OCCIDENTE S. A. EMPRESA DE SERVICIOS PUBLICOS,VILLA GORGONA,49,3.39658318404,-76.3874398927
GAS,978,"GASES DE LA GUAJIRA S.A., EMPRESA DE SERVICIOS PUBLICOS",FONSECA,47,10.8866535788,-72.8462546857
GAS,618,ALCANOS DE COLOMBIA S.A. E.S.P.,MANZANARES,47,5.25570837762,-75.1528372887
GAS,525,GAS NATURAL DEL CESAR S.A. EMPRESA DE SERVICIOS PUBLICOS,LA JAGUA DE IBIRICO,47,9.56388783532,-73.3342269159
GAS,629,GASES DE OCCIDENTE S. A. EMPRESA DE SERVICIOS PUBLICOS,PUERTO TEJADA,46,3.23329388435,-76.4173065509
GAS,618,ALCANOS DE COLOMBIA S.A. E.S.P.,AIPE,46,3.22359766887,-75.2390312259
GAS,488,VANTI S.A. ESP,LA CALERA,46,4.72138578652,-73.967966495
GAS,498,SURTIDORA DE GAS DEL CARIBE S.A. EMPRESA DE SERVICIOS PUBLICOS ,MARIA LA BAJA,44,9.98264680271,-75.3007611748
GAS,629,GASES DE OCCIDENTE S. A. EMPRESA DE SERVICIOS PUBLICOS,ROLDANILLO,43,4.41359519174,-76.1522876963
GAS,629,GASES DE OCCIDENTE S. A. EMPRESA DE SERVICIOS PUBLICOS,JUANCHITO,43,3.45698841192,-76.4680121723
GAS,618,ALCANOS DE COLOMBIA S.A. E.S.P.,ARBELAEZ,43,4.27248220101,-74.4148233831
GAS,2225,GAS NATURAL CUNDIBOYACENSE SA ESP,SAMACA,42,5.49231280648,-73.4856416273
GAS,2225,GAS NATURAL CUNDIBOYACENSE SA ESP,SIMIJACA,42,5.5054287938,-73.8503228188
GAS,564,EMPRESAS PUBLICAS DE MEDELLIN E.S.P.,APARTADO,42,7.88325108195,-76.6258909217
GAS,629,GASES DE OCCIDENTE S. A. EMPRESA DE SERVICIOS PUBLICOS,SANTANDER DE QUILICHAO,41,3.0160508863,-76.4853693048
GAS,498,SURTIDORA DE GAS DEL CARIBE S.A. EMPRESA DE SERVICIOS PUBLICOS ,MONTELIBANO,40,7.97377871713,-75.4168167918
GAS,1887,EFIGAS GAS NATURAL S.A E.S.P ,CHINCHINA,40,4.98581250175,-75.6074818919
GAS,618,ALCANOS DE COLOMBIA S.A. E.S.P.,TARQUI,40,2.11132341997,-75.8235763181
GAS,629,GASES DE OCCIDENTE S. A. EMPRESA DE SERVICIOS PUBLICOS,FLORIDA,39,3.3239196011,-76.234503193
GAS,629,GASES DE OCCIDENTE S. A. EMPRESA DE SERVICIOS PUBLICOS,NAVARRO,39,3.380607538,-76.468191186
GAS,629,GASES DE OCCIDENTE S. A. EMPRESA DE SERVICIOS PUBLICOS,EL CERRITO,38,3.68425970818,-76.3117262705
GAS,618,ALCANOS DE COLOMBIA S.A. E.S.P.,EL SANTUARIO,38,6.13685720436,-75.2654679804
GAS,484,GASES DEL CARIBE S.A. EMPRESA DE SERVICIOS PUBLICOS ,ARACATACA,38,10.5897988592,-74.1867609537
GAS,629,GASES DE OCCIDENTE S. A. EMPRESA DE SERVICIOS PUBLICOS,SEVILLA,37,4.27071412891,-75.9316229697
GAS,618,ALCANOS DE COLOMBIA S.A. E.S.P.,TIMBIO,37,2.34997651977,-76.6842365775
GAS,498,SURTIDORA DE GAS DEL CARIBE S.A. EMPRESA DE SERVICIOS PUBLICOS ,ZAMBRANO,37,9.74628103898,-74.8180006807
GAS,618,ALCANOS DE COLOMBIA S.A. E.S.P.,FORTALECILLAS,37,3.03647073549,-75.2511651388
GAS,629,GASES DE OCCIDENTE S. A. EMPRESA DE SERVICIOS PUBLICOS,ZARZAL,36,4.39262199427,-76.0708484414
GAS,618,ALCANOS DE COLOMBIA S.A. E.S.P.,ORTEGA,35,3.93491661562,-75.2226023939
GAS,2225,GAS NATURAL CUNDIBOYACENSE SA ESP,GACHANCIPA,35,4.99091874874,-73.8734668101
GAS,618,ALCANOS DE COLOMBIA S.A. E.S.P.,SAN LUIS,33,4.13371813034,-75.0957912296
GAS,629,GASES DE OCCIDENTE S. A. EMPRESA DE SERVICIOS PUBLICOS,EL HORMIGUERO,33,3.311386651,-76.477157455
GAS,618,ALCANOS DE COLOMBIA S.A. E.S.P.,ICONONZO,33,4.17643908974,-74.5319791006
GAS,3370,EMPRESA DE ENERGIA DE CASANARE SA ESP,AGUAZUL,32,5.17269004261,-72.5463004198
GAS,2225,GAS NATURAL CUNDIBOYACENSE SA ESP,TABIO,32,4.91720363832,-74.0961796864
GAS,498,SURTIDORA DE GAS DEL CARIBE S.A. EMPRESA DE SERVICIOS PUBLICOS ,SANTA CRUZ DE MOMPOX,32,9.24388275745,-74.4278652943
GAS,2225,GAS NATURAL CUNDIBOYACENSE SA ESP,COGUA,32,5.06184103042,-73.9784922543
GAS,525,GAS NATURAL DEL CESAR S.A. EMPRESA DE SERVICIOS PUBLICOS,BECERRIL,31,9.70460046236,-73.2791963317
GAS,2225,GAS NATURAL CUNDIBOYACENSE SA ESP,TENJO,31,4.87195981007,-74.1439551406
GAS,618,ALCANOS DE COLOMBIA S.A. E.S.P.,DOLORES,30,3.53903159826,-74.8968518333
GAS,2225,GAS NATURAL CUNDIBOYACENSE SA ESP,SANTA ROSA DE VITERBO,30,5.87455316111,-72.9824613082
GAS,629,GASES DE OCCIDENTE S. A. EMPRESA DE SERVICIOS PUBLICOS,PRADERA,30,3.41982721892,-76.2418197435
GAS,484,GASES DEL CARIBE S.A. EMPRESA DE SERVICIOS PUBLICOS ,SEVILLANO,30,10.9334401205,-74.2533641048
GAS,2225,GAS NATURAL CUNDIBOYACENSE SA ESP,BOJACA,30,4.73720453576,-74.3445936942
GAS,618,ALCANOS DE COLOMBIA S.A. E.S.P.,SALDA?A,30,3.92970073078,-75.0167694661
GAS,618,ALCANOS DE COLOMBIA S.A. E.S.P.,TERUEL,29,2.74097042738,-75.5670364688
GAS,618,ALCANOS DE COLOMBIA S.A. E.S.P.,ALVARADO,29,4.56734522829,-74.9535551796
GAS,525,GAS NATURAL DEL CESAR S.A. EMPRESA DE SERVICIOS PUBLICOS,CURUMANI,28,9.20181049336,-73.5409854392
GAS,618,ALCANOS DE COLOMBIA S.A. E.S.P.,VALLE DE SAN JUAN,28,4.19749423898,-75.1156695836
GAS,978,"GASES DE LA GUAJIRA S.A., EMPRESA DE SERVICIOS PUBLICOS",BARRANCAS,28,10.9586657579,-72.7935757813
GAS,498,SURTIDORA DE GAS DEL CARIBE S.A. EMPRESA DE SERVICIOS PUBLICOS ,PLANETA RICA,28,8.40820221055,-75.5832417103
GAS,498,SURTIDORA DE GAS DEL CARIBE S.A. EMPRESA DE SERVICIOS PUBLICOS ,SAMPUES,27,9.18312851604,-75.3802942192
GAS,618,ALCANOS DE COLOMBIA S.A. E.S.P.,CAMPOALEGRE,27,2.6868370205,-75.325759412
GAS,541,GASES DEL CUSIANA S.A. E.S.P,TAURAMENA,27,5.01920691152,-72.7472511701
GAS,2097,MADIGAS INGENIEROS S.A. E.S.P.,ACACIAS,27,3.99012009704,-73.7659360698
GAS,618,ALCANOS DE COLOMBIA S.A. E.S.P.,NOCAIMA,27,5.06946324832,-74.3791125286
GAS,498,SURTIDORA DE GAS DEL CARIBE S.A. EMPRESA DE SERVICIOS PUBLICOS ,EL CARMEN DE BOLIVAR,26,9.71861199322,-75.1212066427
GAS,484,GASES DEL CARIBE S.A. EMPRESA DE SERVICIOS PUBLICOS ,SANTA VERONICA,26,10.8772473452,-75.084351773
GAS,618,ALCANOS DE COLOMBIA S.A. E.S.P.,NATAGAIMA,26,3.62438908901,-75.0931111288
GAS,484,GASES DEL CARIBE S.A. EMPRESA DE SERVICIOS PUBLICOS ,PUEBLOVIEJO,26,10.9948385981,-74.2824768666
GAS,978,"GASES DE LA GUAJIRA S.A., EMPRESA DE SERVICIOS PUBLICOS",SAN JUAN DEL CESAR,26,10.7695782636,-73.0005931272
GAS,498,SURTIDORA DE GAS DEL CARIBE S.A. EMPRESA DE SERVICIOS PUBLICOS ,SAN MARCOS,26,8.66194596532,-75.134084767
GAS,1173,METROGAS DE COLOMBIA S.A. E.S.P. ,OCA?A,25,8.24746216282,-73.355814925
GAS,484,GASES DEL CARIBE S.A. EMPRESA DE SERVICIOS PUBLICOS ,PALMAR DE VARELA,25,10.7385825597,-74.7547589307
GAS,488,VANTI S.A. ESP,ANAPOIMA,25,4.562955419,-74.5285181395
GAS,1887,EFIGAS GAS NATURAL S.A E.S.P ,RIOSUCIO,25,5.42367236012,-75.7020653762
GAS,484,GASES DEL CARIBE S.A. EMPRESA DE SERVICIOS PUBLICOS ,MANAURE BALCON DEL CESAR,25,10.3907748357,-73.0294704117
GAS,525,GAS NATURAL DEL CESAR S.A. EMPRESA DE SERVICIOS PUBLICOS,PAILITAS,25,8.95939949775,-73.6257673178
GAS,484,GASES DEL CARIBE S.A. EMPRESA DE SERVICIOS PUBLICOS ,PLATO,25,9.79677054749,-74.784684214
GAS,564,EMPRESAS PUBLICAS DE MEDELLIN E.S.P.,LA CEJA,25,6.02805465836,-75.4294329272
GAS,484,GASES DEL CARIBE S.A. EMPRESA DE SERVICIOS PUBLICOS ,POLONUEVO,24,10.7771663073,-74.8531024212
GAS,629,GASES DE OCCIDENTE S. A. EMPRESA DE SERVICIOS PUBLICOS,VILLA RICA,24,3.17757710044,-76.4578733961
GAS,978,"GASES DE LA GUAJIRA S.A., EMPRESA DE SERVICIOS PUBLICOS",VILLANUEVA,24,10.6088113359,-72.9776225919
GAS,2225,GAS NATURAL CUNDIBOYACENSE SA ESP,NOBSA,24,5.771042607,-72.939853172
GAS,26745,G8 PROYECTOS ENERGETICOS SAS ESP,CHOCONTA,24,5.14522357379,-73.6835259612
GAS,1887,EFIGAS GAS NATURAL S.A E.S.P ,SANTA ROSA DE CABAL,24,4.87640374593,-75.6234918103
GAS,564,EMPRESAS PUBLICAS DE MEDELLIN E.S.P.,GIRARDOTA,24,6.37961535607,-75.4444597681
GAS,2225,GAS NATURAL CUNDIBOYACENSE SA ESP,NEMOCON,23,5.0687018248,-73.8778894768
GAS,629,GASES DE OCCIDENTE S. A. EMPRESA DE SERVICIOS PUBLICOS,CANDELARIA,23,3.4077643196,-76.3464295384
GAS,525,GAS NATURAL DEL CESAR S.A. EMPRESA DE SERVICIOS PUBLICOS,EL BANCO,23,9.0087359751,-73.9742847149
GAS,498,SURTIDORA DE GAS DEL CARIBE S.A. EMPRESA DE SERVICIOS PUBLICOS ,CIENAGA DE ORO,23,8.87550305273,-75.6207853009
GAS,3370,EMPRESA DE ENERGIA DE CASANARE SA ESP,YOPAL,23,5.32761201728,-72.3969155417
GAS,618,ALCANOS DE COLOMBIA S.A. E.S.P.,TESALIA,22,2.48605278998,-75.7298384859
GAS,1887,EFIGAS GAS NATURAL S.A E.S.P ,VILLAMARIA,22,5.043806686,-75.513760602
GAS,498,SURTIDORA DE GAS DEL CARIBE S.A. EMPRESA DE SERVICIOS PUBLICOS ,SAN ANTERO,22,9.37621656532,-75.7607741431
GAS,498,SURTIDORA DE GAS DEL CARIBE S.A. EMPRESA DE SERVICIOS PUBLICOS ,SANTA ROSA DE LIMA,22,10.4443941775,-75.369832134
GAS,618,ALCANOS DE COLOMBIA S.A. E.S.P.,CAGUAN,21,2.8640966129,-75.2325514785
GAS,1173,METROGAS DE COLOMBIA S.A. E.S.P. ,SAN GIL,21,6.55295530633,-73.1351665257
GAS,629,GASES DE OCCIDENTE S. A. EMPRESA DE SERVICIOS PUBLICOS,SAN ISIDRO,21,3.236351839,-76.516309681
GAS,526,GAS NATURAL DEL ORIENTE SA ESP,PUERTO WILCHES,21,7.349066143,-73.899334022
GAS,498,SURTIDORA DE GAS DEL CARIBE S.A. EMPRESA DE SERVICIOS PUBLICOS ,EL BAGRE,21,7.5975218855,-74.7990970119
GAS,484,GASES DEL CARIBE S.A. EMPRESA DE SERVICIOS PUBLICOS ,EL RETEN,20,10.6106681998,-74.2684546741
GAS,629,GASES DE OCCIDENTE S. A. EMPRESA DE SERVICIOS PUBLICOS,EL PLACER,20,3.61300789324,-76.2715113547
GAS,484,GASES DEL CARIBE S.A. EMPRESA DE SERVICIOS PUBLICOS ,ROBLES,20,10.3874900073,-73.1713617757
GAS,1887,EFIGAS GAS NATURAL S.A E.S.P ,MONTENEGRO,20,4.56505578418,-75.7498287033
GAS,1887,EFIGAS GAS NATURAL S.A E.S.P ,NEIRA,19,5.16670622135,-75.5198428283
GAS,1887,EFIGAS GAS NATURAL S.A E.S.P ,CIRCASIA,19,4.61779473259,-75.6365262734
GAS,525,GAS NATURAL DEL CESAR S.A. EMPRESA DE SERVICIOS PUBLICOS,SAN MARTIN,19,7.99989421258,-73.5109750558
GAS,618,ALCANOS DE COLOMBIA S.A. E.S.P.,PAICOL,19,2.44954939456,-75.7729935935
GAS,525,GAS NATURAL DEL CESAR S.A. EMPRESA DE SERVICIOS PUBLICOS,PELAYA,19,8.68865050982,-73.6663564352
GAS,498,SURTIDORA DE GAS DEL CARIBE S.A. EMPRESA DE SERVICIOS PUBLICOS ,PURISIMA DE LA CONCEPCION,19,9.23929988718,-75.7248856036
GAS,484,GASES DEL CARIBE S.A. EMPRESA DE SERVICIOS PUBLICOS ,ALGARROBO,19,10.1880372898,-74.061131388
GAS,1887,EFIGAS GAS NATURAL S.A E.S.P ,LA VIRGINIA,19,4.89654777308,-75.8802026174
GAS,2225,GAS NATURAL CUNDIBOYACENSE SA ESP,TIBASOSA,19,5.74722853114,-72.9994496769
GAS,620,GASES DEL LLANO S.A EMPRESA DE SERVICIOS PUBLICOS,SAN JOSE DEL GUAVIARE,18,2.56608342423,-72.6390287201
GAS,484,GASES DEL CARIBE S.A. EMPRESA DE SERVICIOS PUBLICOS ,RIOFRIO,18,10.905109805,-74.1726262402
GAS,618,ALCANOS DE COLOMBIA S.A. E.S.P.,YAGUARA,18,2.66469363692,-75.5180231181
GAS,618,ALCANOS DE COLOMBIA S.A. E.S.P.,VENADILLO,18,4.71796619302,-74.9291695928
GAS,498,SURTIDORA DE GAS DEL CARIBE S.A. EMPRESA DE SERVICIOS PUBLICOS ,MAHATES,18,10.2332538997,-75.1913392756
GAS,618,ALCANOS DE COLOMBIA S.A. E.S.P.,PAYANDE,18,4.29758837186,-75.0984333279
GAS,484,GASES DEL CARIBE S.A. EMPRESA DE SERVICIOS PUBLICOS ,MANATI,18,10.4489620358,-74.9570353895
GAS,629,GASES DE OCCIDENTE S. A. EMPRESA DE SERVICIOS PUBLICOS,ANDALUCIA,18,4.17172541604,-76.1679219749
GAS,620,GASES DEL LLANO S.A EMPRESA DE SERVICIOS PUBLICOS,RESTREPO,18,4.26072972714,-73.5646064827
GAS,618,ALCANOS DE COLOMBIA S.A. E.S.P.,PADUA,18,5.13368354935,-75.1428777635
GAS,564,EMPRESAS PUBLICAS DE MEDELLIN E.S.P.,YARUMAL,18,6.96387109143,-75.4188327746
GAS,618,ALCANOS DE COLOMBIA S.A. E.S.P.,CHICORAL,17,4.21250278058,-74.980619071
GAS,541,GASES DEL CUSIANA S.A. E.S.P,AGUAZUL,17,5.17269004261,-72.5463004198
GAS,564,EMPRESAS PUBLICAS DE MEDELLIN E.S.P.,CHIGORODO,17,7.66630069082,-76.6812146131
GAS,484,GASES DEL CARIBE S.A. EMPRESA DE SERVICIOS PUBLICOS ,SAN JOSE DE KENNEDY,17,10.7454642355,-74.1010709269
GAS,498,SURTIDORA DE GAS DEL CARIBE S.A. EMPRESA DE SERVICIOS PUBLICOS ,CLEMENCIA,17,10.5675414931,-75.3285123927
GAS,484,GASES DEL CARIBE S.A. EMPRESA DE SERVICIOS PUBLICOS ,ORIHUECA,17,10.8389105887,-74.1685341817
GAS,1302,GASES DEL ORIENTE S.A.  EMPRESA DE SERVICIOS PUBLICOS DOMICILIARIOS,LOS PATIOS,17,7.83324937685,-72.5057141873
GAS,20518,SURCOLOMBIANA DE GAS S.A E.S.P,PUERTO ASIS,16,0.505047577006,-76.4972710861
GAS,498,SURTIDORA DE GAS DEL CARIBE S.A. EMPRESA DE SERVICIOS PUBLICOS ,COVE?AS,16,9.4028636807,-75.6800839749
GAS,629,GASES DE OCCIDENTE S. A. EMPRESA DE SERVICIOS PUBLICOS,LA UNION,16,4.53378338837,-76.0996048731
GAS,618,ALCANOS DE COLOMBIA S.A. E.S.P.,LA GRAN VIA,16,4.65013360526,-74.4133360845
GAS,629,GASES DE OCCIDENTE S. A. EMPRESA DE SERVICIOS PUBLICOS,GUACARI,16,3.76290954608,-76.3313674083
GAS,978,"GASES DE LA GUAJIRA S.A., EMPRESA DE SERVICIOS PUBLICOS",HATONUEVO,16,11.0687421081,-72.7590172472
GAS,484,GASES DEL CARIBE S.A. EMPRESA DE SERVICIOS PUBLICOS ,GUACAMAYAL,16,10.7503357783,-74.1586592648
GAS,620,GASES DEL LLANO S.A EMPRESA DE SERVICIOS PUBLICOS,GRANADA,15,3.5466952856,-73.7057158517
GAS,2225,GAS NATURAL CUNDIBOYACENSE SA ESP,SUBACHOQUE,15,4.92907887681,-74.1727096099
GAS,498,SURTIDORA DE GAS DEL CARIBE S.A. EMPRESA DE SERVICIOS PUBLICOS ,VILLANUEVA,15,10.4443304246,-75.2751686679
GAS,498,SURTIDORA DE GAS DEL CARIBE S.A. EMPRESA DE SERVICIOS PUBLICOS ,SAN PEDRO,15,9.39596570901,-75.0634845353
GAS,620,GASES DEL LLANO S.A EMPRESA DE SERVICIOS PUBLICOS,PUERTO LOPEZ,15,4.09340699377,-72.9574366102
GAS,618,ALCANOS DE COLOMBIA S.A. E.S.P.,SUAREZ,15,4.04888384846,-74.831889635
GAS,564,EMPRESAS PUBLICAS DE MEDELLIN E.S.P.,DONMATIAS,15,6.48560723899,-75.3926751288
GAS,525,GAS NATURAL DEL CESAR S.A. EMPRESA DE SERVICIOS PUBLICOS,CHIRIGUANA,15,9.36118941734,-73.600147529
GAS,498,SURTIDORA DE GAS DEL CARIBE S.A. EMPRESA DE SERVICIOS PUBLICOS ,AYAPEL,15,8.31444592737,-75.1462884773
GAS,618,ALCANOS DE COLOMBIA S.A. E.S.P.,EL RECREO,15,2.10203100132,-75.5774766702
GAS,629,GASES DE OCCIDENTE S. A. EMPRESA DE SERVICIOS PUBLICOS,TORO,15,4.60808704867,-76.0768506524
GAS,484,GASES DEL CARIBE S.A. EMPRESA DE SERVICIOS PUBLICOS ,LA GRAN VIA,14,10.8528255344,-74.1366051528
GAS,2225,GAS NATURAL CUNDIBOYACENSE SA ESP,TUTA,14,5.68880380751,-73.2308547731
GAS,629,GASES DE OCCIDENTE S. A. EMPRESA DE SERVICIOS PUBLICOS,CAICEDONIA,14,4.33460564018,-75.8303183393
GAS,498,SURTIDORA DE GAS DEL CARIBE S.A. EMPRESA DE SERVICIOS PUBLICOS ,SAN JACINTO,14,9.8302177331,-75.1210906283
GAS,564,EMPRESAS PUBLICAS DE MEDELLIN E.S.P.,BARBOSA,14,6.4392260115,-75.3316403017
GAS,2225,GAS NATURAL CUNDIBOYACENSE SA ESP,BELEN,14,5.98928041246,-72.9116162763
GAS,620,GASES DEL LLANO S.A EMPRESA DE SERVICIOS PUBLICOS,ACACIAS,14,3.99012009704,-73.7659360698
GAS,618,ALCANOS DE COLOMBIA S.A. E.S.P.,HERVEO,14,5.08023410848,-75.1771319171
GAS,525,GAS NATURAL DEL CESAR S.A. EMPRESA DE SERVICIOS PUBLICOS,SAN DIEGO,14,10.333031354,-73.1812177024
GAS,484,GASES DEL CARIBE S.A. EMPRESA DE SERVICIOS PUBLICOS ,GRANADA,13,9.80154812175,-74.392235318
GAS,629,GASES DE OCCIDENTE S. A. EMPRESA DE SERVICIOS PUBLICOS,PANCE,13,3.32852517538,-76.6336518847
GAS,618,ALCANOS DE COLOMBIA S.A. E.S.P.,PUERTO BOGOTA,13,5.20703907492,-74.7309829156
GAS,498,SURTIDORA DE GAS DEL CARIBE S.A. EMPRESA DE SERVICIOS PUBLICOS ,SINCE,13,9.24419660827,-75.1460313941
GAS,1887,EFIGAS GAS NATURAL S.A E.S.P ,LA TEBAIDA,13,4.45365278508,-75.786460159
GAS,2225,GAS NATURAL CUNDIBOYACENSE SA ESP,SOPO,13,4.91539965901,-73.9433295095
GAS,978,"GASES DE LA GUAJIRA S.A., EMPRESA DE SERVICIOS PUBLICOS",ALBANIA,13,11.1516112258,-72.6123282482
GAS,498,SURTIDORA DE GAS DEL CARIBE S.A. EMPRESA DE SERVICIOS PUBLICOS ,EL GUAMO,13,10.0309150057,-74.9761147368
GAS,618,ALCANOS DE COLOMBIA S.A. E.S.P.,SANTA ROSA,13,2.51443207107,-76.6433429288
GAS,484,GASES DEL CARIBE S.A. EMPRESA DE SERVICIOS PUBLICOS ,SANTO TOMAS,13,10.7587230349,-74.7577207286
GAS,484,GASES DEL CARIBE S.A. EMPRESA DE SERVICIOS PUBLICOS ,SITIONUEVO,12,10.775407167,-74.7201694573
GAS,484,GASES DEL CARIBE S.A. EMPRESA DE SERVICIOS PUBLICOS ,LURUACO,12,10.6111248118,-75.1422887632
GAS,498,SURTIDORA DE GAS DEL CARIBE S.A. EMPRESA DE SERVICIOS PUBLICOS ,CICUCO,12,9.27456085808,-74.645585537
GAS,2225,GAS NATURAL CUNDIBOYACENSE SA ESP,RAQUIRA,12,5.53906792025,-73.6325018712
GAS,498,SURTIDORA DE GAS DEL CARIBE S.A. EMPRESA DE SERVICIOS PUBLICOS ,GALERAS,12,9.15967339965,-75.0494186572
GAS,564,EMPRESAS PUBLICAS DE MEDELLIN E.S.P.,PUERTO BERRIO,12,6.48703921007,-74.4099459786
GAS,618,ALCANOS DE COLOMBIA S.A. E.S.P.,EL BORDO,12,2.11566829044,-76.9809793181
GAS,541,GASES DEL CUSIANA S.A. E.S.P,VILLANUEVA,12,4.61007185165,-72.9280536201
GAS,484,GASES DEL CARIBE S.A. EMPRESA DE SERVICIOS PUBLICOS ,PALERMO,12,10.9607638984,-74.7438004801
GAS,618,ALCANOS DE COLOMBIA S.A. E.S.P.,TELLO,12,3.06753684585,-75.1387731609
GAS,484,GASES DEL CARIBE S.A. EMPRESA DE SERVICIOS PUBLICOS ,REPELON,12,10.4933403213,-75.1254822303
GAS,618,ALCANOS DE COLOMBIA S.A. E.S.P.,PASCA,11,4.30905937901,-74.3024837134
GAS,1302,GASES DEL ORIENTE S.A.  EMPRESA DE SERVICIOS PUBLICOS DOMICILIARIOS,VILLA DEL ROSARIO,11,7.84748634411,-72.4700680064
GAS,629,GASES DE OCCIDENTE S. A. EMPRESA DE SERVICIOS PUBLICOS,EL DOVIO,11,4.51045798809,-76.2370824654
GAS,629,GASES DE OCCIDENTE S. A. EMPRESA DE SERVICIOS PUBLICOS,TRUJILLO,11,4.21205460862,-76.3188096264
GAS,525,GAS NATURAL DEL CESAR S.A. EMPRESA DE SERVICIOS PUBLICOS,GAMARRA,11,8.32432947636,-73.7380076768
GAS,484,GASES DEL CARIBE S.A. EMPRESA DE SERVICIOS PUBLICOS ,PONEDERA,11,10.6417959018,-74.7539006043
GAS,484,GASES DEL CARIBE S.A. EMPRESA DE SERVICIOS PUBLICOS ,LA LOMA,11,9.61837918961,-73.6006841642
GAS,1887,EFIGAS GAS NATURAL S.A E.S.P ,BELEN DE UMBRIA,11,5.20064515187,-75.868216089
GAS,484,GASES DEL CARIBE S.A. EMPRESA DE SERVICIOS PUBLICOS ,SABANAGRANDE,11,10.7910757719,-74.7585063109
GAS,484,GASES DEL CARIBE S.A. EMPRESA DE SERVICIOS PUBLICOS ,CAMPO DE LA CRUZ,11,10.3782957218,-74.8808535392
GAS,1887,EFIGAS GAS NATURAL S.A E.S.P ,QUIMBAYA,11,4.62438412181,-75.7650742652
GAS,629,GASES DE OCCIDENTE S. A. EMPRESA DE SERVICIOS PUBLICOS,EL QUEREMAL,11,3.52845350991,-76.7121370121
GAS,629,GASES DE OCCIDENTE S. A. EMPRESA DE SERVICIOS PUBLICOS,ROZO,11,3.61248918517,-76.3861195414
GAS,618,ALCANOS DE COLOMBIA S.A. E.S.P.,DORADAL,11,5.89990838552,-74.7352820408
GAS,484,GASES DEL CARIBE S.A. EMPRESA DE SERVICIOS PUBLICOS ,ATANQUEZ,11,10.696803278,-73.3542150354
GAS,498,SURTIDORA DE GAS DEL CARIBE S.A. EMPRESA DE SERVICIOS PUBLICOS ,TURBANA,11,10.2744001934,-75.4425018865
GAS,629,GASES DE OCCIDENTE S. A. EMPRESA DE SERVICIOS PUBLICOS,DARIEN,11,3.93352588351,-76.4843909802
GAS,26096,YAVEGAS S.A. E.S.P.,SUESCA,10,5.1035175118,-73.7982887059
GAS,2225,GAS NATURAL CUNDIBOYACENSE SA ESP,SUTATAUSA,10,5.24748742315,-73.853153077
GAS,620,GASES DEL LLANO S.A EMPRESA DE SERVICIOS PUBLICOS,CUMARAL,10,4.26953744789,-73.4861069057
GAS,498,SURTIDORA DE GAS DEL CARIBE S.A. EMPRESA DE SERVICIOS PUBLICOS ,SANTA CATALINA,10,10.6050569813,-75.2877605206
GAS,1887,EFIGAS GAS NATURAL S.A E.S.P ,ANSERMA,10,5.23647611674,-75.784340784
GAS,618,ALCANOS DE COLOMBIA S.A. E.S.P.,SAN BERNARDO,10,4.1794285861,-74.422961919
GAS,484,GASES DEL CARIBE S.A. EMPRESA DE SERVICIOS PUBLICOS ,TENERIFE,10,9.8977882091,-74.8607737651
GAS,629,GASES DE OCCIDENTE S. A. EMPRESA DE SERVICIOS PUBLICOS,RIOFRIO,10,4.15690638946,-76.2883093841
GAS,564,EMPRESAS PUBLICAS DE MEDELLIN E.S.P.,CAREPA,10,7.75511548219,-76.653210744
GAS,484,GASES DEL CARIBE S.A. EMPRESA DE SERVICIOS PUBLICOS ,TAGANGA,10,11.2680714168,-74.1884713549
GAS,618,ALCANOS DE COLOMBIA S.A. E.S.P.,FRESNO,10,5.15363945469,-75.0356196095
GAS,1887,EFIGAS GAS NATURAL S.A E.S.P ,PALESTINA,10,5.01783945198,-75.6244642214
GAS,498,SURTIDORA DE GAS DEL CARIBE S.A. EMPRESA DE SERVICIOS PUBLICOS ,TUCHIN,10,9.18656992554,-75.5538706654
GAS,488,VANTI S.A. ESP,VIOTA,10,4.43935379121,-74.5231620222
GAS,978,"GASES DE LA GUAJIRA S.A., EMPRESA DE SERVICIOS PUBLICOS",EL MOLINO,10,10.6535029819,-72.9267422648
GAS,484,GASES DEL CARIBE S.A. EMPRESA DE SERVICIOS PUBLICOS ,GUACHACA,9,11.2485685485,-73.8324837987
GAS,484,GASES DEL CARIBE S.A. EMPRESA DE SERVICIOS PUBLICOS ,VARELA,9,10.8749411641,-74.168874378
GAS,20518,SURCOLOMBIANA DE GAS S.A E.S.P,TIMANA,9,1.97422503882,-75.9320853384
GAS,564,EMPRESAS PUBLICAS DE MEDELLIN E.S.P.,RETIRO,9,6.06338107129,-75.5013756659
GAS,1887,EFIGAS GAS NATURAL S.A E.S.P ,SUPIA,9,5.44683429424,-75.6496602648
GAS,484,GASES DEL CARIBE S.A. EMPRESA DE SERVICIOS PUBLICOS ,SAN JOSE DEL ORIENTE,9,10.350398524,-73.043417529
GAS,618,ALCANOS DE COLOMBIA S.A. E.S.P.,CABRERA,9,3.98514461399,-74.4845451143
GAS,618,ALCANOS DE COLOMBIA S.A. E.S.P.,PANDI,9,4.19039063967,-74.4866421835
GAS,526,GAS NATURAL DEL ORIENTE SA ESP,SAN PABLO,9,7.47671911473,-73.9241717171
GAS,26096,YAVEGAS S.A. E.S.P.,GACHALA,9,4.69357747191,-73.5201588297
GAS,2225,GAS NATURAL CUNDIBOYACENSE SA ESP,SACHICA,9,5.58359189812,-73.5426340731
GAS,629,GASES DE OCCIDENTE S. A. EMPRESA DE SERVICIOS PUBLICOS,MIRANDA,9,3.25456871367,-76.2285628308
GAS,564,EMPRESAS PUBLICAS DE MEDELLIN E.S.P.,SANTA ROSA DE OSOS,9,6.64332643406,-75.460740037
GAS,484,GASES DEL CARIBE S.A. EMPRESA DE SERVICIOS PUBLICOS ,SANTA LUCIA,9,10.3243082813,-74.9592075848
GAS,618,ALCANOS DE COLOMBIA S.A. E.S.P.,BARAYA,9,3.15255100755,-75.0544887925
GAS,3326,ESPIGAS S.A. E.S.P.,MONIQUIRA,9,5.87633305531,-73.5733706158
GAS,498,SURTIDORA DE GAS DEL CARIBE S.A. EMPRESA DE SERVICIOS PUBLICOS ,TIERRALTA,9,8.17037997285,-76.0596965689
GAS,618,ALCANOS DE COLOMBIA S.A. E.S.P.,VILLAVIEJA,9,3.21883156581,-75.2171038079
GAS,618,ALCANOS DE COLOMBIA S.A. E.S.P.,TOCAIMA,9,4.45927226504,-74.6363056249
GAS,484,GASES DEL CARIBE S.A. EMPRESA DE SERVICIOS PUBLICOS ,EL DIFICIL,9,9.84705461368,-74.2364991914
GAS,618,ALCANOS DE COLOMBIA S.A. E.S.P.,EL JUNCAL,9,2.82712599901,-75.3266109493
GAS,484,GASES DEL CARIBE S.A. EMPRESA DE SERVICIOS PUBLICOS ,GUAMAL,8,9.14438638111,-74.2236997384
GAS,484,GASES DEL CARIBE S.A. EMPRESA DE SERVICIOS PUBLICOS ,SAN ESTANISLAO DE KOSTKA,8,10.3984770306,-75.1532584252
GAS,484,GASES DEL CARIBE S.A. EMPRESA DE SERVICIOS PUBLICOS ,SALAMINA,8,10.4912293928,-74.7941894058
GAS,484,GASES DEL CARIBE S.A. EMPRESA DE SERVICIOS PUBLICOS ,SOPLADOR,8,10.7309204668,-74.2171777543
GAS,618,ALCANOS DE COLOMBIA S.A. E.S.P.,GUABINAL,8,0,0
GAS,26096,YAVEGAS S.A. E.S.P.,PATIO BONITO,8,5.12964392136,-73.8960887676
GAS,1887,EFIGAS GAS NATURAL S.A E.S.P ,VITERBO,8,5.06266333127,-75.870613237
GAS,618,ALCANOS DE COLOMBIA S.A. E.S.P.,NARI?O,8,4.39983661649,-74.8247329958
GAS,498,SURTIDORA DE GAS DEL CARIBE S.A. EMPRESA DE SERVICIOS PUBLICOS ,MORROA,8,9.33132173665,-75.306200083
GAS,629,GASES DE OCCIDENTE S. A. EMPRESA DE SERVICIOS PUBLICOS,POTRERITO,8,3.22861673703,-76.5826584122
GAS,2225,GAS NATURAL CUNDIBOYACENSE SA ESP,COMBITA,8,5.63454905762,-73.3239523652
GAS,484,GASES DEL CARIBE S.A. EMPRESA DE SERVICIOS PUBLICOS ,JUAN DE ACOSTA,8,10.8323387608,-75.0406070886
GAS,618,ALCANOS DE COLOMBIA S.A. E.S.P.,PUEBLILLO,8,2.447444738,-76.583504139
GAS,26096,YAVEGAS S.A. E.S.P.,GACHETA,8,4.81641129086,-73.6363761477
GAS,498,SURTIDORA DE GAS DEL CARIBE S.A. EMPRESA DE SERVICIOS PUBLICOS ,SANTIAGO DE TOLU,8,9.52547457425,-75.5811043366
GAS,978,"GASES DE LA GUAJIRA S.A., EMPRESA DE SERVICIOS PUBLICOS",URUMITA,8,10.5601686746,-73.0125081065
GAS,629,GASES DE OCCIDENTE S. A. EMPRESA DE SERVICIOS PUBLICOS,BUGALAGRANDE,8,4.20833111175,-76.1568083286
GAS,1887,EFIGAS GAS NATURAL S.A E.S.P ,RISARALDA,8,5.16419213427,-75.7672745412
GAS,498,SURTIDORA DE GAS DEL CARIBE S.A. EMPRESA DE SERVICIOS PUBLICOS ,MOMIL,8,9.24071061295,-75.6779588318
GAS,618,ALCANOS DE COLOMBIA S.A. E.S.P.,APULO,8,4.52034489324,-74.5938056203
GAS,564,EMPRESAS PUBLICAS DE MEDELLIN E.S.P.,TURBO,8,8.08911317497,-76.7291596582
GAS,484,GASES DEL CARIBE S.A. EMPRESA DE SERVICIOS PUBLICOS ,CHIVOLO,8,10.0268400946,-74.6231370766
GAS,564,EMPRESAS PUBLICAS DE MEDELLIN E.S.P.,SAN PEDRO DE LOS MILAGROS,8,6.46013808244,-75.5567189241
GAS,629,GASES DE OCCIDENTE S. A. EMPRESA DE SERVICIOS PUBLICOS,YOTOCO,8,3.8612150819,-76.3824738774
GAS,484,GASES DEL CARIBE S.A. EMPRESA DE SERVICIOS PUBLICOS ,PIVIJAY,7,10.4606939662,-74.6135180767
GAS,564,EMPRESAS PUBLICAS DE MEDELLIN E.S.P.,AMAGA,7,6.03880842381,-75.7019483389
GAS,498,SURTIDORA DE GAS DEL CARIBE S.A. EMPRESA DE SERVICIOS PUBLICOS ,LOS PALMITOS,7,9.3802289505,-75.268750942
GAS,618,ALCANOS DE COLOMBIA S.A. E.S.P.,CUNDAY,7,4.05925948571,-74.6922267118
GAS,484,GASES DEL CARIBE S.A. EMPRESA DE SERVICIOS PUBLICOS ,SUAN,7,10.3354309226,-74.8816874004
GAS,618,ALCANOS DE COLOMBIA S.A. E.S.P.,PULI,7,4.68179462875,-74.7144742699
GAS,498,SURTIDORA DE GAS DEL CARIBE S.A. EMPRESA DE SERVICIOS PUBLICOS ,SANTA ANA,7,9.32429335632,-74.5668440377
GAS,618,ALCANOS DE COLOMBIA S.A. E.S.P.,BAJO PIRAVANTE,7,2.72057876461,-75.3012792552
GAS,618,ALCANOS DE COLOMBIA S.A. E.S.P.,AMBALEMA,7,4.78263242067,-74.7644428804
GAS,629,GASES DE OCCIDENTE S. A. EMPRESA DE SERVICIOS PUBLICOS,MONTEBELLO,7,3.48593101553,-76.5496062654
GAS,20518,SURCOLOMBIANA DE GAS S.A E.S.P,VILLAGARZON,7,1.02893997049,-76.6171636979
GAS,629,GASES DE OCCIDENTE S. A. EMPRESA DE SERVICIOS PUBLICOS,SANTA ELENA,7,3.65440438541,-76.2386868489
GAS,618,ALCANOS DE COLOMBIA S.A. E.S.P.,COELLO,7,4.28728335548,-74.8984673202
GAS,1887,EFIGAS GAS NATURAL S.A E.S.P ,GUATICA,7,5.31536038013,-75.7990077966
GAS,484,GASES DEL CARIBE S.A. EMPRESA DE SERVICIOS PUBLICOS ,BOSCONIA,7,9.975094669,-73.888765758
GAS,498,SURTIDORA DE GAS DEL CARIBE S.A. EMPRESA DE SERVICIOS PUBLICOS ,SAN BERNARDO DEL VIENTO,7,9.35228972856,-75.9547986436
GAS,2225,GAS NATURAL CUNDIBOYACENSE SA ESP,SANTA SOFIA,7,5.71326789499,-73.6027094257
GAS,564,EMPRESAS PUBLICAS DE MEDELLIN E.S.P.,ARBOLETES,7,8.84991827334,-76.4266581639
GAS,498,SURTIDORA DE GAS DEL CARIBE S.A. EMPRESA DE SERVICIOS PUBLICOS ,CHINU,7,9.10529229865,-75.3997215182
GAS,978,"GASES DE LA GUAJIRA S.A., EMPRESA DE SERVICIOS PUBLICOS",DISTRACCION,7,10.8984720802,-72.8873913777
GAS,498,SURTIDORA DE GAS DEL CARIBE S.A. EMPRESA DE SERVICIOS PUBLICOS ,BETULIA,7,9.27306592979,-75.2435648458
GAS,1887,EFIGAS GAS NATURAL S.A E.S.P ,QUINCHIA,6,5.34044152422,-75.7304104711
GAS,1173,METROGAS DE COLOMBIA S.A. E.S.P. ,PIEDECUESTA,6,6.99735677431,-73.0545933904
GAS,618,ALCANOS DE COLOMBIA S.A. E.S.P.,GRANADA,6,4.51976536572,-74.3507638172
GAS,618,ALCANOS DE COLOMBIA S.A. E.S.P.,SAN JUAN DE RIOSECO,6,4.84757915971,-74.6219134166
GAS,978,"GASES DE LA GUAJIRA S.A., EMPRESA DE SERVICIOS PUBLICOS",MINGUEO,6,11.2162452754,-73.3993175224
GAS,484,GASES DEL CARIBE S.A. EMPRESA DE SERVICIOS PUBLICOS ,CHIMICHAGUA,6,9.2582722175,-73.8133298841
GAS,978,"GASES DE LA GUAJIRA S.A., EMPRESA DE SERVICIOS PUBLICOS",URIBIA,6,11.7146470766,-72.2647599261
GAS,618,ALCANOS DE COLOMBIA S.A. E.S.P.,OLAYA HERRERA,6,3.81140538911,-75.3321033582
GAS,629,GASES DE OCCIDENTE S. A. EMPRESA DE SERVICIOS PUBLICOS,OBANDO,6,4.57572205449,-75.9746885479
GAS,564,EMPRESAS PUBLICAS DE MEDELLIN E.S.P.,DABEIBA,6,6.99811575168,-76.2616178227
GAS,498,SURTIDORA DE GAS DEL CARIBE S.A. EMPRESA DE SERVICIOS PUBLICOS ,SAN BENITO ABAD,6,8.92996976102,-75.0311600711
GAS,618,ALCANOS DE COLOMBIA S.A. E.S.P.,PIEDRAS,6,4.54390984155,-74.8780727204
GAS,498,SURTIDORA DE GAS DEL CARIBE S.A. EMPRESA DE SERVICIOS PUBLICOS ,SIMITI,6,7.95442830168,-73.9467782481
GAS,618,ALCANOS DE COLOMBIA S.A. E.S.P.,MORALES,6,2.75455782584,-76.6292210027
GAS,629,GASES DE OCCIDENTE S. A. EMPRESA DE SERVICIOS PUBLICOS,VILLAPAZ,6,3.13389118301,-76.5430923359
GAS,629,GASES DE OCCIDENTE S. A. EMPRESA DE SERVICIOS PUBLICOS,VERSALLES,6,4.57502307699,-76.1992067017
GAS,3370,EMPRESA DE ENERGIA DE CASANARE SA ESP,PAZ DE ARIPORO,6,5.88003712521,-71.8909234158
GAS,629,GASES DE OCCIDENTE S. A. EMPRESA DE SERVICIOS PUBLICOS,CALOTO,6,3.03407175083,-76.4084869367
GAS,525,GAS NATURAL DEL CESAR S.A. EMPRESA DE SERVICIOS PUBLICOS,TAMALAMEQUE,6,8.86172485582,-73.8121730964
GAS,32453,ENERGY GAS S.A.S. E.S.P,ANOLAIMA,6,4.76169908987,-74.4638356057
GAS,1887,EFIGAS GAS NATURAL S.A E.S.P ,SALENTO,6,4.63715372291,-75.5708458112
GAS,564,EMPRESAS PUBLICAS DE MEDELLIN E.S.P.,YOLOMBO,6,6.59459588827,-75.0133479509
GAS,26745,G8 PROYECTOS ENERGETICOS SAS ESP,GUASCA,6,4.86671913331,-73.8771423949
GAS,3370,EMPRESA DE ENERGIA DE CASANARE SA ESP,TRINIDAD,6,5.41221523214,-71.6633415586
GAS,498,SURTIDORA DE GAS DEL CARIBE S.A. EMPRESA DE SERVICIOS PUBLICOS ,REGIDOR,6,8.66625814425,-73.8216376256
GAS,629,GASES DE OCCIDENTE S. A. EMPRESA DE SERVICIOS PUBLICOS,CORINTO,6,3.17381378314,-76.2613129114
GAS,484,GASES DEL CARIBE S.A. EMPRESA DE SERVICIOS PUBLICOS ,EL COPEY,6,10.1495254704,-73.9627178522
GAS,498,SURTIDORA DE GAS DEL CARIBE S.A. EMPRESA DE SERVICIOS PUBLICOS ,MO?ITOS,6,9.24527627335,-76.1293957384
GAS,498,SURTIDORA DE GAS DEL CARIBE S.A. EMPRESA DE SERVICIOS PUBLICOS ,CORDOBA,6,9.58690944657,-74.8274640871
GAS,629,GASES DE OCCIDENTE S. A. EMPRESA DE SERVICIOS PUBLICOS,LA MARINA,5,4.04525950438,-76.1130988897
GAS,39134,COLOMBIAN ENERGY GROUP S.A.S.E.S.P.,CHINACOTA,5,7.60295918667,-72.601158456
GAS,564,EMPRESAS PUBLICAS DE MEDELLIN E.S.P.,COCORNA,5,6.05830616761,-75.1854817244
GAS,541,GASES DEL CUSIANA S.A. E.S.P,MONTERREY,5,4.87684630992,-72.8950348515
GAS,564,EMPRESAS PUBLICAS DE MEDELLIN E.S.P.,SONSON,5,5.7148075835,-75.3093960124
GAS,484,GASES DEL CARIBE S.A. EMPRESA DE SERVICIOS PUBLICOS ,BUENAVENTURA DE LE?A,5,10.5170854388,-74.8779635012
GAS,629,GASES DE OCCIDENTE S. A. EMPRESA DE SERVICIOS PUBLICOS,LA ACEQUIA,5,3.636802433,-76.396836218
GAS,629,GASES DE OCCIDENTE S. A. EMPRESA DE SERVICIOS PUBLICOS,LA TORRE,5,3.61949013709,-76.4154679637
GAS,629,GASES DE OCCIDENTE S. A. EMPRESA DE SERVICIOS PUBLICOS,VIJES,5,3.69858937984,-76.4419648892
GAS,564,EMPRESAS PUBLICAS DE MEDELLIN E.S.P.,CONCORDIA,5,6.04608659615,-75.9084535194
GAS,484,GASES DEL CARIBE S.A. EMPRESA DE SERVICIOS PUBLICOS ,TUBARA,5,10.8736512946,-74.9786801062
GAS,484,GASES DEL CARIBE S.A. EMPRESA DE SERVICIOS PUBLICOS ,PATILLAL,5,10.7048825028,-73.2112428772
GAS,3370,EMPRESA DE ENERGIA DE CASANARE SA ESP,SABANALARGA,5,4.85461982071,-73.0387237641
GAS,498,SURTIDORA DE GAS DEL CARIBE S.A. EMPRESA DE SERVICIOS PUBLICOS ,RIO VIEJO,5,8.587628771,-73.8399447912
GAS,498,SURTIDORA DE GAS DEL CARIBE S.A. EMPRESA DE SERVICIOS PUBLICOS ,ZARAGOZA,5,7.48858244262,-74.8670728872
GAS,498,SURTIDORA DE GAS DEL CARIBE S.A. EMPRESA DE SERVICIOS PUBLICOS ,CANALETE URBANO,5,8.78694391327,-76.2413961216
GAS,978,"GASES DE LA GUAJIRA S.A., EMPRESA DE SERVICIOS PUBLICOS",CAMARONES,5,11.4235742919,-73.0632133248
GAS,618,ALCANOS DE COLOMBIA S.A. E.S.P.,TENA,4,4.65532786239,-74.3895411831
GAS,498,SURTIDORA DE GAS DEL CARIBE S.A. EMPRESA DE SERVICIOS PUBLICOS ,ALTOS DEL ROSARIO,4,8.79160326038,-74.1650526808
GAS,620,GASES DEL LLANO S.A EMPRESA DE SERVICIOS PUBLICOS,FUENTEDEORO,4,3.46287020088,-73.6179805402
GAS,2225,GAS NATURAL CUNDIBOYACENSE SA ESP,LA BELLEZA,4,5.85955359883,-73.9656247433
GAS,2225,GAS NATURAL CUNDIBOYACENSE SA ESP,SUTAMARCHAN,4,5.61978069759,-73.6205898779
GAS,484,GASES DEL CARIBE S.A. EMPRESA DE SERVICIOS PUBLICOS ,CAMPECHE,4,10.7265367611,-74.9136998554
GAS,525,GAS NATURAL DEL CESAR S.A. EMPRESA DE SERVICIOS PUBLICOS,LA GLORIA,4,8.61929805971,-73.8032098836
GAS,26992,REDEGAS DOMICILIARIO S. A.  ESP,"BOGOTA, D.C.",4,4.64993705899,-74.106715324
GAS,26728,VIDA GAS POR NATURALEZA S.A. E.S.P.,MANTA,4,5.00905719083,-73.5404981602
GAS,484,GASES DEL CARIBE S.A. EMPRESA DE SERVICIOS PUBLICOS ,TASAJERA,4,10.9781762119,-74.3268893715
GAS,484,GASES DEL CARIBE S.A. EMPRESA DE SERVICIOS PUBLICOS ,REMOLINO,4,10.7021709717,-74.716139312
GAS,20518,SURCOLOMBIANA DE GAS S.A E.S.P,SUAZA,4,1.97584502137,-75.7950572711
GAS,618,ALCANOS DE COLOMBIA S.A. E.S.P.,SAN ANTONIO,4,3.9140451612,-75.4799125909
GAS,629,GASES DE OCCIDENTE S. A. EMPRESA DE SERVICIOS PUBLICOS,RESTREPO,4,3.82134249406,-76.5231163453
GAS,629,GASES DE OCCIDENTE S. A. EMPRESA DE SERVICIOS PUBLICOS,AGUACLARA,4,4.11080298918,-76.1936312363
GAS,20518,SURCOLOMBIANA DE GAS S.A E.S.P,MOCOA,4,1.1525800991,-76.6515068624
GAS,2225,GAS NATURAL CUNDIBOYACENSE SA ESP,OICATA,4,5.59523375635,-73.308404103
GAS,564,EMPRESAS PUBLICAS DE MEDELLIN E.S.P.,TAMESIS,4,5.66446916892,-75.7143199749
GAS,1887,EFIGAS GAS NATURAL S.A E.S.P ,SAN JOSE,4,5.08231096392,-75.7920593314
GAS,484,GASES DEL CARIBE S.A. EMPRESA DE SERVICIOS PUBLICOS ,PLAYA MENDOZA,4,10.9020365944,-75.0382057746
GAS,26096,YAVEGAS S.A. E.S.P.,PAIME,4,5.37048460317,-74.1522155939
GAS,618,ALCANOS DE COLOMBIA S.A. E.S.P.,VERGARA,4,5.11730960751,-74.3463679542
GAS,26745,G8 PROYECTOS ENERGETICOS SAS ESP,VILLAPINZON,4,5.2164390104,-73.5953530971
GAS,978,"GASES DE LA GUAJIRA S.A., EMPRESA DE SERVICIOS PUBLICOS",MANAURE,4,11.7739428149,-72.4395863069
GAS,484,GASES DEL CARIBE S.A. EMPRESA DE SERVICIOS PUBLICOS ,SANTA ROSA,4,10.4015767347,-74.1079015498
GAS,620,GASES DEL LLANO S.A EMPRESA DE SERVICIOS PUBLICOS,BARRANCA DE UPIA,4,4.56720152053,-72.9632757114
GAS,1173,METROGAS DE COLOMBIA S.A. E.S.P. ,GIRON,4,7.07052391696,-73.1667133582
GAS,498,SURTIDORA DE GAS DEL CARIBE S.A. EMPRESA DE SERVICIOS PUBLICOS ,SAN ONOFRE,4,9.7369328609,-75.5230283613
GAS,498,SURTIDORA DE GAS DEL CARIBE S.A. EMPRESA DE SERVICIOS PUBLICOS ,BUENAVISTA,4,9.31985711931,-74.9730193151
GAS,3370,EMPRESA DE ENERGIA DE CASANARE SA ESP,NUNCHIA,4,5.63666390187,-72.1950710689
GAS,564,EMPRESAS PUBLICAS DE MEDELLIN E.S.P.,SANTA FE DE ANTIOQUIA,4,6.55653286033,-75.8270783216
GAS,498,SURTIDORA DE GAS DEL CARIBE S.A. EMPRESA DE SERVICIOS PUBLICOS ,LA APARTADA,4,8.04990063857,-75.3357616802
GAS,26728,VIDA GAS POR NATURALEZA S.A. E.S.P.,MACHETA,4,5.08019042488,-73.6083234775
GAS,26096,YAVEGAS S.A. E.S.P.,YACOPI,4,5.45928242265,-74.3380248611
GAS,978,"GASES DE LA GUAJIRA S.A., EMPRESA DE SERVICIOS PUBLICOS",VILLA MARTIN (MACHO VALLO),4,11.217372341,-72.791359754
GAS,484,GASES DEL CARIBE S.A. EMPRESA DE SERVICIOS PUBLICOS ,PAZ DEL CARIBE,4,11.2444934353,-73.7237443191
GAS,1302,GASES DEL ORIENTE S.A.  EMPRESA DE SERVICIOS PUBLICOS DOMICILIARIOS,EL ZULIA,4,7.93817417215,-72.6046120661
GAS,26728,VIDA GAS POR NATURALEZA S.A. E.S.P.,TIBIRITA,4,5.05227733692,-73.5045147407
GAS,2225,GAS NATURAL CUNDIBOYACENSE SA ESP,ZIPACON,4,4.75992897105,-74.3795933564
GAS,1887,EFIGAS GAS NATURAL S.A E.S.P ,FILANDIA,4,4.67414703386,-75.6586823883
GAS,618,ALCANOS DE COLOMBIA S.A. E.S.P.,GUALANDAY,4,4.28286162562,-75.0281011225
GAS,629,GASES DE OCCIDENTE S. A. EMPRESA DE SERVICIOS PUBLICOS,LA BUITRERA,4,3.36486741933,-76.5615103188
GAS,564,EMPRESAS PUBLICAS DE MEDELLIN E.S.P.,PUERTO NARE,4,6.18602382303,-74.5830116056
GAS,564,EMPRESAS PUBLICAS DE MEDELLIN E.S.P.,GUATAPE,4,6.23240969843,-75.1600208818
GAS,629,GASES DE OCCIDENTE S. A. EMPRESA DE SERVICIOS PUBLICOS,LA PAILA,4,4.31879833871,-76.0722260844
GAS,618,ALCANOS DE COLOMBIA S.A. E.S.P.,PUERTO TRIUNFO,4,5.87120719689,-74.6412656382
GAS,564,EMPRESAS PUBLICAS DE MEDELLIN E.S.P.,SAN ROQUE,4,6.48594047044,-75.0191661484
GAS,498,SURTIDORA DE GAS DEL CARIBE S.A. EMPRESA DE SERVICIOS PUBLICOS ,SEGOVIA,4,7.07963898594,-74.701588722
GAS,498,SURTIDORA DE GAS DEL CARIBE S.A. EMPRESA DE SERVICIOS PUBLICOS ,ARENAL,4,8.45862922844,-73.9411210687
GAS,498,SURTIDORA DE GAS DEL CARIBE S.A. EMPRESA DE SERVICIOS PUBLICOS ,PUERTO ESCONDIDO,4,9.00537056386,-76.2604107447
GAS,498,SURTIDORA DE GAS DEL CARIBE S.A. EMPRESA DE SERVICIOS PUBLICOS ,SAN MARTIN DE LOBA,3,8.93709261013,-74.0390124624
GAS,2225,GAS NATURAL CUNDIBOYACENSE SA ESP,FLORESTA,3,5.85952057405,-72.9181118071
GAS,484,GASES DEL CARIBE S.A. EMPRESA DE SERVICIOS PUBLICOS ,CARACOLI,3,10.8594100933,-74.8337663112
GAS,484,GASES DEL CARIBE S.A. EMPRESA DE SERVICIOS PUBLICOS ,PIOJO,3,10.7493431731,-75.1074681737
GAS,618,ALCANOS DE COLOMBIA S.A. E.S.P.,SILVIA,3,2.611815128,-76.3795694468
GAS,498,SURTIDORA DE GAS DEL CARIBE S.A. EMPRESA DE SERVICIOS PUBLICOS ,EL PORVENIR,3,9.40595974549,-75.7086587389
GAS,618,ALCANOS DE COLOMBIA S.A. E.S.P.,HATO NUEVO,3,3.14247673335,-75.2614612538
GAS,484,GASES DEL CARIBE S.A. EMPRESA DE SERVICIOS PUBLICOS ,PUEBLO NUEVO,3,9.90523025584,-74.1024201853
GAS,484,GASES DEL CARIBE S.A. EMPRESA DE SERVICIOS PUBLICOS ,CONCORDIA,3,10.2573102662,-74.833031377
GAS,618,ALCANOS DE COLOMBIA S.A. E.S.P.,RIOLORO,3,2.3225675141,-75.6104885498
GAS,1887,EFIGAS GAS NATURAL S.A E.S.P ,MARSELLA,3,4.93556204249,-75.7385816147
GAS,629,GASES DE OCCIDENTE S. A. EMPRESA DE SERVICIOS PUBLICOS,EL CARMELO,3,3.40263715442,-76.4163243664
GAS,1173,METROGAS DE COLOMBIA S.A. E.S.P. ,SOCORRO,3,6.46385144732,-73.2611960328
GAS,564,EMPRESAS PUBLICAS DE MEDELLIN E.S.P.,PUEBLORRICO,3,5.79168858961,-75.8397134748
GAS,564,EMPRESAS PUBLICAS DE MEDELLIN E.S.P.,SAN VICENTE,3,6.28215220866,-75.3326113811
GAS,484,GASES DEL CARIBE S.A. EMPRESA DE SERVICIOS PUBLICOS ,EL MORRO,3,10.942826374,-75.0065503752
GAS,484,GASES DEL CARIBE S.A. EMPRESA DE SERVICIOS PUBLICOS ,CARACOLI,3,10.0792781068,-73.7363711385
GAS,618,ALCANOS DE COLOMBIA S.A. E.S.P.,JERUSALEN,3,4.56230969976,-74.6954162724
GAS,618,ALCANOS DE COLOMBIA S.A. E.S.P.,CUMACA,3,4.33672357458,-74.4694224596
GAS,484,GASES DEL CARIBE S.A. EMPRESA DE SERVICIOS PUBLICOS ,MEDIALUNA,3,10.5123349513,-74.5040452744
GAS,484,GASES DEL CARIBE S.A. EMPRESA DE SERVICIOS PUBLICOS ,SANTA BARBARA DE PINTO,3,9.4322584701,-74.7046839218
GAS,618,ALCANOS DE COLOMBIA S.A. E.S.P.,TRES ESQUINAS,3,2.3136311396,-75.5024330859
GAS,618,ALCANOS DE COLOMBIA S.A. E.S.P.,EL TABLAZO,3,5.193824271,-75.082054126
GAS,629,GASES DE OCCIDENTE S. A. EMPRESA DE SERVICIOS PUBLICOS,ALCALA,3,4.67498960531,-75.779812612
GAS,629,GASES DE OCCIDENTE S. A. EMPRESA DE SERVICIOS PUBLICOS,BOLIVAR,3,4.33784247096,-76.1835731619
GAS,564,EMPRESAS PUBLICAS DE MEDELLIN E.S.P.,SAN JERONIMO,3,6.44806585636,-75.7270000843
GAS,1887,EFIGAS GAS NATURAL S.A E.S.P ,BELALCAZAR,3,4.99382148715,-75.8119012073
GAS,484,GASES DEL CARIBE S.A. EMPRESA DE SERVICIOS PUBLICOS ,ISLA DEL ROSARIO,3,10.9866586344,-74.2963034324
GAS,20518,SURCOLOMBIANA DE GAS S.A E.S.P,BRUSELAS,3,1.77618713708,-76.1746834117
GAS,629,GASES DE OCCIDENTE S. A. EMPRESA DE SERVICIOS PUBLICOS,GINEBRA,3,3.72418135814,-76.2680666157
GAS,629,GASES DE OCCIDENTE S. A. EMPRESA DE SERVICIOS PUBLICOS,LA VICTORIA,3,4.52360126987,-76.0365293203
GAS,629,GASES DE OCCIDENTE S. A. EMPRESA DE SERVICIOS PUBLICOS,DAPA LA VEGA,3,3.55858157732,-76.5691606865
GAS,2225,GAS NATURAL CUNDIBOYACENSE SA ESP,CUCAITA,3,5.54445121651,-73.4543383107
GAS,498,SURTIDORA DE GAS DEL CARIBE S.A. EMPRESA DE SERVICIOS PUBLICOS ,COTORRA,3,9.03708855987,-75.7991480544
GAS,484,GASES DEL CARIBE S.A. EMPRESA DE SERVICIOS PUBLICOS ,GUAYMARAL,3,9.89878451012,-73.6456479806
GAS,498,SURTIDORA DE GAS DEL CARIBE S.A. EMPRESA DE SERVICIOS PUBLICOS ,VALENCIA,3,8.25501643828,-76.150720786
GAS,484,GASES DEL CARIBE S.A. EMPRESA DE SERVICIOS PUBLICOS ,HEREDIA,3,10.0763260042,-74.8347973332
GAS,484,GASES DEL CARIBE S.A. EMPRESA DE SERVICIOS PUBLICOS ,APURE,3,9.87229601892,-74.5819679473
GAS,484,GASES DEL CARIBE S.A. EMPRESA DE SERVICIOS PUBLICOS ,ZAWADY,3,10.9029203216,-74.153160328
GAS,20518,SURCOLOMBIANA DE GAS S.A E.S.P,ALTAMIRA,3,2.06371185583,-75.7883602228
GAS,1887,EFIGAS GAS NATURAL S.A E.S.P ,SANTUARIO,3,5.07493802723,-75.9645220611
GAS,629,GASES DE OCCIDENTE S. A. EMPRESA DE SERVICIOS PUBLICOS,CAMPOALEGRE,3,3.64410394411,-76.244790259
GAS,629,GASES DE OCCIDENTE S. A. EMPRESA DE SERVICIOS PUBLICOS,EL GUAVAL,3,3.25204318379,-76.5146430123
GAS,629,GASES DE OCCIDENTE S. A. EMPRESA DE SERVICIOS PUBLICOS,LA CUMBRE,3,3.64944411346,-76.5679334087
GAS,564,EMPRESAS PUBLICAS DE MEDELLIN E.S.P.,NECOCLI,3,8.426136098,-76.784574497
GAS,618,ALCANOS DE COLOMBIA S.A. E.S.P.,EL TAMBO,3,2.45137293838,-76.8107676072
GAS,484,GASES DEL CARIBE S.A. EMPRESA DE SERVICIOS PUBLICOS ,LA VEGA  ARRIBA,3,10.6585342723,-73.2034258346
GAS,618,ALCANOS DE COLOMBIA S.A. E.S.P.,QUIPILE,3,4.74480125713,-74.5337016265
GAS,618,ALCANOS DE COLOMBIA S.A. E.S.P.,TIBACUY,3,4.34859760533,-74.4526612198
GAS,498,SURTIDORA DE GAS DEL CARIBE S.A. EMPRESA DE SERVICIOS PUBLICOS ,PUEBLO NUEVO,3,8.50400390305,-75.5079697769
GAS,484,GASES DEL CARIBE S.A. EMPRESA DE SERVICIOS PUBLICOS ,LOS ANDES,3,9.58116073945,-74.3535971667
GAS,484,GASES DEL CARIBE S.A. EMPRESA DE SERVICIOS PUBLICOS ,PRADO - SEVILLA,3,10.7630254626,-74.1400846875
GAS,526,GAS NATURAL DEL ORIENTE SA ESP,EL LLANITO,3,7.16442049205,-73.8473166376
GAS,629,GASES DE OCCIDENTE S. A. EMPRESA DE SERVICIOS PUBLICOS,LA LUISA,3,3.4004505673,-76.5690869033
GAS,629,GASES DE OCCIDENTE S. A. EMPRESA DE SERVICIOS PUBLICOS,ARBOLEDAS,3,3.65962972672,-76.5762304442
GAS,20518,SURCOLOMBIANA DE GAS S.A E.S.P,PUERTO CAICEDO,3,0.6877836264,-76.6057791692
GAS,564,EMPRESAS PUBLICAS DE MEDELLIN E.S.P.,REMEDIOS,3,7.02939076621,-74.6980471636
GAS,2225,GAS NATURAL CUNDIBOYACENSE SA ESP,SORA,3,5.56684464415,-73.4501549565
GAS,26096,YAVEGAS S.A. E.S.P.,LA MAGDALENA,3,5.08050562472,-74.4873641405
GAS,26728,VIDA GAS POR NATURALEZA S.A. E.S.P.,SESQUILE,3,5.04472822375,-73.7961289492
GAS,498,SURTIDORA DE GAS DEL CARIBE S.A. EMPRESA DE SERVICIOS PUBLICOS ,TOLU VIEJO,3,9.45183874964,-75.4408214257
GAS,564,EMPRESAS PUBLICAS DE MEDELLIN E.S.P.,SANTA BARBARA,3,5.87554181135,-75.5673548634
GAS,2225,GAS NATURAL CUNDIBOYACENSE SA ESP,MOTAVITA,3,5.57770072028,-73.3678389344
GAS,618,ALCANOS DE COLOMBIA S.A. E.S.P.,VICTORIA,3,5.31741797231,-74.9111571246
GAS,498,SURTIDORA DE GAS DEL CARIBE S.A. EMPRESA DE SERVICIOS PUBLICOS ,BUENAVISTA,3,8.22116707849,-75.4808968789
GAS,484,GASES DEL CARIBE S.A. EMPRESA DE SERVICIOS PUBLICOS ,EL PI?ON,3,10.4030943537,-74.8232919445
GAS,20518,SURCOLOMBIANA DE GAS S.A E.S.P,PITAL,3,2.26668106868,-75.8040001118
GAS,618,ALCANOS DE COLOMBIA S.A. E.S.P.,CARMEN DE APICALA,3,4.15094359506,-74.7163719929
GAS,22388,EMPRESA INTEGRAL DE SERVICIOS OP&S CONSTRUCCIONES SA ESP,PRADO,3,3.75101224596,-74.9274588097
GAS,629,GASES DE OCCIDENTE S. A. EMPRESA DE SERVICIOS PUBLICOS,CAMPO ALEGRE,3,3.4714939502,-76.5548166713
GAS,618,ALCANOS DE COLOMBIA S.A. E.S.P.,PURNIO,3,5.4130285371,-74.6880712668
GAS,484,GASES DEL CARIBE S.A. EMPRESA DE SERVICIOS PUBLICOS ,CANDELARIA,3,10.4612089848,-74.8799120495
GAS,629,GASES DE OCCIDENTE S. A. EMPRESA DE SERVICIOS PUBLICOS,GUACHENE,3,3.13415024191,-76.3921808995
GAS,618,ALCANOS DE COLOMBIA S.A. E.S.P.,CAJIBIO,3,2.62334023515,-76.5708848354
GAS,620,GASES DEL LLANO S.A EMPRESA DE SERVICIOS PUBLICOS,CAQUEZA,3,4.4040950188,-73.9464770211
GAS,2225,GAS NATURAL CUNDIBOYACENSE SA ESP,TAUSA,3,5.19655208391,-73.8864782256
GAS,498,SURTIDORA DE GAS DEL CARIBE S.A. EMPRESA DE SERVICIOS PUBLICOS ,PUERTO LIBERTADOR,3,7.88883325281,-75.6718011007
GAS,978,"GASES DE LA GUAJIRA S.A., EMPRESA DE SERVICIOS PUBLICOS",COTOPRIX,3,11.1767262329,-72.8440372723
GAS,484,GASES DEL CARIBE S.A. EMPRESA DE SERVICIOS PUBLICOS ,PIJI?O,3,9.33195248638,-74.4582175584
GAS,39134,COLOMBIAN ENERGY GROUP S.A.S.E.S.P.,RAGONVALIA,3,7.57786103871,-72.4767028257
GAS,629,GASES DE OCCIDENTE S. A. EMPRESA DE SERVICIOS PUBLICOS,DAGUA,3,3.65666318922,-76.6889953357
GAS,629,GASES DE OCCIDENTE S. A. EMPRESA DE SERVICIOS PUBLICOS,LOS ANDES,3,3.41097153951,-76.5839847996
GAS,629,GASES DE OCCIDENTE S. A. EMPRESA DE SERVICIOS PUBLICOS,TIENDA NUEVA,3,3.57244515386,-76.2206520743
GAS,564,EMPRESAS PUBLICAS DE MEDELLIN E.S.P.,URRAO,2,6.31731976564,-76.1339511488
GAS,20518,SURCOLOMBIANA DE GAS S.A E.S.P,AGRADO,2,2.259730156,-75.7719044253
GAS,484,GASES DEL CARIBE S.A. EMPRESA DE SERVICIOS PUBLICOS ,CONCEPCION (COCO),2,10.3031876405,-74.7926895622
GAS,618,ALCANOS DE COLOMBIA S.A. E.S.P.,PUEBLO NUEVO,2,2.40158894,-75.528461552
GAS,1302,GASES DEL ORIENTE S.A.  EMPRESA DE SERVICIOS PUBLICOS DOMICILIARIOS,PAMPLONA,2,7.37284757284,-72.64768472
GAS,629,GASES DE OCCIDENTE S. A. EMPRESA DE SERVICIOS PUBLICOS,ANSERMANUEVO,2,4.79492075239,-75.9919821845
GAS,498,SURTIDORA DE GAS DEL CARIBE S.A. EMPRESA DE SERVICIOS PUBLICOS ,CHALAN,2,9.54535812429,-75.3126950363
GAS,629,GASES DE OCCIDENTE S. A. EMPRESA DE SERVICIOS PUBLICOS,LA FLORESTA,2,3.72789215358,-76.2419259774
GAS,564,EMPRESAS PUBLICAS DE MEDELLIN E.S.P.,ENTRERRIOS,2,6.56648234736,-75.517805693
GAS,2225,GAS NATURAL CUNDIBOYACENSE SA ESP,SUSA,2,5.45486633706,-73.8140048231
GAS,484,GASES DEL CARIBE S.A. EMPRESA DE SERVICIOS PUBLICOS ,BURITACA,2,11.2495236094,-73.7704561149
GAS,620,GASES DEL LLANO S.A EMPRESA DE SERVICIOS PUBLICOS,SAN CARLOS DE GUAROA,2,3.71053695717,-73.2414110088
GAS,618,ALCANOS DE COLOMBIA S.A. E.S.P.,TAMINANGO,2,1.57004727576,-77.2802201494
GAS,629,GASES DE OCCIDENTE S. A. EMPRESA DE SERVICIOS PUBLICOS,PAVAS,2,3.67638565202,-76.5852402522
GAS,564,EMPRESAS PUBLICAS DE MEDELLIN E.S.P.,JARDIN,2,5.59753984677,-75.8189807815
GAS,26035,HEGA SA ESP,YONDO,2,7.00394143169,-73.9124567851
GAS,484,GASES DEL CARIBE S.A. EMPRESA DE SERVICIOS PUBLICOS ,SAN FERNANDO,2,9.26987148757,-74.5309998831
GAS,620,GASES DEL LLANO S.A EMPRESA DE SERVICIOS PUBLICOS,PUERTO RICO,2,2.93974329234,-73.2065146907
GAS,629,GASES DE OCCIDENTE S. A. EMPRESA DE SERVICIOS PUBLICOS,EL TIPLE,2,3.35018711692,-76.4262091025
GAS,484,GASES DEL CARIBE S.A. EMPRESA DE SERVICIOS PUBLICOS ,AGUADA DE PABLO,2,10.5218287327,-75.0057069356
GAS,484,GASES DEL CARIBE S.A. EMPRESA DE SERVICIOS PUBLICOS ,GUAIMARO,2,10.5807065055,-74.7137116682
GAS,620,GASES DEL LLANO S.A EMPRESA DE SERVICIOS PUBLICOS,PUERTO LLERAS,2,3.27211893514,-73.3738481508
GAS,629,GASES DE OCCIDENTE S. A. EMPRESA DE SERVICIOS PUBLICOS,BORRERO AYERBE,2,3.57229472034,-76.6464963892
GAS,629,GASES DE OCCIDENTE S. A. EMPRESA DE SERVICIOS PUBLICOS,SONSO,2,3.7995997831,-76.3063833416
GAS,629,GASES DE OCCIDENTE S. A. EMPRESA DE SERVICIOS PUBLICOS,MULALO,2,3.63639120381,-76.4821518312
GAS,618,ALCANOS DE COLOMBIA S.A. E.S.P.,ROSAS,2,2.26096996661,-76.7403500133
GAS,484,GASES DEL CARIBE S.A. EMPRESA DE SERVICIOS PUBLICOS ,EL PASO,2,9.66847095606,-73.741788511
GAS,620,GASES DEL LLANO S.A EMPRESA DE SERVICIOS PUBLICOS,CHIPAQUE,2,4.44267057023,-74.0448735948
GAS,618,ALCANOS DE COLOMBIA S.A. E.S.P.,NIMAIMA,2,5.12602571317,-74.3860115955
GAS,26096,YAVEGAS S.A. E.S.P.,VILLETA,2,5.01279238093,-74.4697042298
GAS,629,GASES DE OCCIDENTE S. A. EMPRESA DE SERVICIOS PUBLICOS,EL SALTO,2,4.163615024,-76.234012589
GAS,3227,PROMOTORA DE SERVICIOS PUBLICOS S.A. E.S.P.,SAN VICENTE DE CHUCURI,2,6.88037882713,-73.4110187818
GAS,629,GASES DE OCCIDENTE S. A. EMPRESA DE SERVICIOS PUBLICOS,NARI?O,2,4.09235316403,-76.2336009138
GAS,564,EMPRESAS PUBLICAS DE MEDELLIN E.S.P.,CISNEROS,2,6.53776304826,-75.0872051341
GAS,498,SURTIDORA DE GAS DEL CARIBE S.A. EMPRESA DE SERVICIOS PUBLICOS ,NOROSI,2,8.52597866614,-74.0380603025
GAS,484,GASES DEL CARIBE S.A. EMPRESA DE SERVICIOS PUBLICOS ,ROTINET,2,10.5286137011,-75.0718139685
GAS,620,GASES DEL LLANO S.A EMPRESA DE SERVICIOS PUBLICOS,UNE,2,4.40245072334,-74.0251807261
GAS,618,ALCANOS DE COLOMBIA S.A. E.S.P.,BETANIA,2,2.74988210561,-75.3986087696
GAS,629,GASES DE OCCIDENTE S. A. EMPRESA DE SERVICIOS PUBLICOS,QUINAMAYO,2,3.1284739541,-76.556877503
GAS,3370,EMPRESA DE ENERGIA DE CASANARE SA ESP,PORE,2,5.72773022764,-71.9928594902
GAS,498,SURTIDORA DE GAS DEL CARIBE S.A. EMPRESA DE SERVICIOS PUBLICOS ,TALAIGUA NUEVO,2,9.30401724098,-74.5674682776
GAS,2097,MADIGAS INGENIEROS S.A. E.S.P.,SAN JUAN DE MOMBITA,2,5.51860567807,-72.8839843241
GAS,484,GASES DEL CARIBE S.A. EMPRESA DE SERVICIOS PUBLICOS ,LOS CORAZONES,2,10.5318847881,-73.2227405983
GAS,484,GASES DEL CARIBE S.A. EMPRESA DE SERVICIOS PUBLICOS ,SAN JOSE DE ORIENTE - BETANIA,2,10.3486396288,-73.0512398272
GAS,978,"GASES DE LA GUAJIRA S.A., EMPRESA DE SERVICIOS PUBLICOS",PALOMINO,2,11.2441469982,-73.5588663105
GAS,564,EMPRESAS PUBLICAS DE MEDELLIN E.S.P.,SAN CARLOS,2,6.18798980145,-74.9879605158
GAS,564,EMPRESAS PUBLICAS DE MEDELLIN E.S.P.,TOLEDO,2,7.01015899618,-75.6914357609
GAS,484,GASES DEL CARIBE S.A. EMPRESA DE SERVICIOS PUBLICOS ,SOPLAVIENTO,2,10.3884564354,-75.1364262581
GAS,498,SURTIDORA DE GAS DEL CARIBE S.A. EMPRESA DE SERVICIOS PUBLICOS ,CHIMA,2,9.14947838025,-75.6268945872
GAS,629,GASES DE OCCIDENTE S. A. EMPRESA DE SERVICIOS PUBLICOS,EL INGENIO,1,3.28279201018,-76.3188326127
GAS,629,GASES DE OCCIDENTE S. A. EMPRESA DE SERVICIOS PUBLICOS,EL PLACER,1,3.77163948687,-76.2824493764
GAS,629,GASES DE OCCIDENTE S. A. EMPRESA DE SERVICIOS PUBLICOS,GUACHINTE,1,3.17039721342,-76.5927285244
GAS,629,GASES DE OCCIDENTE S. A. EMPRESA DE SERVICIOS PUBLICOS,SAN VICENTE,1,3.26873612165,-76.6256383517
GAS,629,GASES DE OCCIDENTE S. A. EMPRESA DE SERVICIOS PUBLICOS,AGUACLARA,1,3.502872756,-76.2371187406
GAS,629,GASES DE OCCIDENTE S. A. EMPRESA DE SERVICIOS PUBLICOS,TIERRA BLANCA,1,4.41014733998,-76.1299215814
GAS,629,GASES DE OCCIDENTE S. A. EMPRESA DE SERVICIOS PUBLICOS,CIENEGUETA,1,4.056900752,-76.179113362
GAS,564,EMPRESAS PUBLICAS DE MEDELLIN E.S.P.,SABANALARGA,1,6.85002081371,-75.8166459364
GAS,564,EMPRESAS PUBLICAS DE MEDELLIN E.S.P.,AMALFI,1,6.90967360478,-75.0774749239
GAS,564,EMPRESAS PUBLICAS DE MEDELLIN E.S.P.,MONTEBELLO,1,5.94632388294,-75.5235098947
GAS,484,GASES DEL CARIBE S.A. EMPRESA DE SERVICIOS PUBLICOS ,ARROYOHONDO,1,10.250075878,-75.019214913
GAS,484,GASES DEL CARIBE S.A. EMPRESA DE SERVICIOS PUBLICOS ,YUCAL,1,10.128321539,-74.9522153619
GAS,498,SURTIDORA DE GAS DEL CARIBE S.A. EMPRESA DE SERVICIOS PUBLICOS ,HATILLO DE LOBA,1,8.95561446403,-74.0783633089
GAS,484,GASES DEL CARIBE S.A. EMPRESA DE SERVICIOS PUBLICOS ,SAN CRISTOBAL,1,10.3928556679,-75.065534552
GAS,2097,MADIGAS INGENIEROS S.A. E.S.P.,CORRALES,1,5.82810438505,-72.8447949701
GAS,526,GAS NATURAL DEL ORIENTE SA ESP,YONDO,1,7.00394143169,-73.9124567851
GAS,484,GASES DEL CARIBE S.A. EMPRESA DE SERVICIOS PUBLICOS ,PALMAR DE CANDELARIA,1,10.665799078,-75.1501656716
GAS,484,GASES DEL CARIBE S.A. EMPRESA DE SERVICIOS PUBLICOS ,SANTA CRUZ,1,10.5733994726,-75.2129503842
GAS,629,GASES DE OCCIDENTE S. A. EMPRESA DE SERVICIOS PUBLICOS,SAN RAFAEL,1,3.08088364855,-76.4563616115
GAS,498,SURTIDORA DE GAS DEL CARIBE S.A. EMPRESA DE SERVICIOS PUBLICOS ,SAN JOSE DE URE,1,7.78718605251,-75.5331291795
GAS,618,ALCANOS DE COLOMBIA S.A. E.S.P.,NILO,1,4.30580601104,-74.6199683585
GAS,618,ALCANOS DE COLOMBIA S.A. E.S.P.,VENECIA,1,4.0889533173,-74.4781884861
GAS,618,ALCANOS DE COLOMBIA S.A. E.S.P.,GUCHIPAS,1,4.32453686577,-74.3176854842
GAS,2225,GAS NATURAL CUNDIBOYACENSE SA ESP,GUATANCUY,1,5.34774020661,-73.7954580759
GAS,26096,YAVEGAS S.A. E.S.P.,VILLAGOMEZ,1,5.27302546567,-74.1951478206
GAS,978,"GASES DE LA GUAJIRA S.A., EMPRESA DE SERVICIOS PUBLICOS",EL ABRA,1,11.3107573799,-72.9003482715
GAS,978,"GASES DE LA GUAJIRA S.A., EMPRESA DE SERVICIOS PUBLICOS",EL HATICO,1,10.9087802695,-72.8581353393
GAS,484,GASES DEL CARIBE S.A. EMPRESA DE SERVICIOS PUBLICOS ,SABANAS,1,10.3793570555,-74.706108524
GAS,620,GASES DEL LLANO S.A EMPRESA DE SERVICIOS PUBLICOS,CABUYARO,1,4.28592465004,-72.7919811358
GAS,618,ALCANOS DE COLOMBIA S.A. E.S.P.,MAITO,1,2.04740359069,-75.9085751368
GAS,526,GAS NATURAL DEL ORIENTE SA ESP,EL PEDRAL,1,7.22704080978,-73.8453212323
GAS,629,GASES DE OCCIDENTE S. A. EMPRESA DE SERVICIOS PUBLICOS,EL VINCULO,1,3.81627107718,-76.3061485612
GAS,629,GASES DE OCCIDENTE S. A. EMPRESA DE SERVICIOS PUBLICOS,EL CABUYAL,1,3.3249581292,-76.3492146627
GAS,629,GASES DE OCCIDENTE S. A. EMPRESA DE SERVICIOS PUBLICOS,JUANCHITO,1,3.4477045689,-76.4725550374
GAS,618,ALCANOS DE COLOMBIA S.A. E.S.P.,BOQUERON,1,4.80556273478,-74.8637586932
GAS,618,ALCANOS DE COLOMBIA S.A. E.S.P.,VILLARRICA,1,3.93692369495,-74.6002427195
GAS,498,SURTIDORA DE GAS DEL CARIBE S.A. EMPRESA DE SERVICIOS PUBLICOS ,RICAURTE (COLOSO),1,9.49419213204,-75.353257884
GAS,629,GASES DE OCCIDENTE S. A. EMPRESA DE SERVICIOS PUBLICOS,TODOS LOS SANTOS,1,3.982180408,-76.237020492
GAS,3370,EMPRESA DE ENERGIA DE CASANARE SA ESP,MANI,1,4.81682498993,-72.2813966623
GAS,3370,EMPRESA DE ENERGIA DE CASANARE SA ESP,MONTERREY,1,4.87684630992,-72.8950348515
GAS,3370,EMPRESA DE ENERGIA DE CASANARE SA ESP,OROCUE,1,4.79026959264,-71.3385186268
GAS,978,"GASES DE LA GUAJIRA S.A., EMPRESA DE SERVICIOS PUBLICOS",RIO ANCHO,1,11.2032367519,-73.4628989397
GAS,978,"GASES DE LA GUAJIRA S.A., EMPRESA DE SERVICIOS PUBLICOS",CARRAIPIA,1,11.2558349098,-72.3688826175
GAS,978,"GASES DE LA GUAJIRA S.A., EMPRESA DE SERVICIOS PUBLICOS",CA?AVERALES,1,10.7554595063,-72.8443884902
GAS,978,"GASES DE LA GUAJIRA S.A., EMPRESA DE SERVICIOS PUBLICOS",LOS PONDORES,1,10.7282822074,-73.0063759622
GAS,484,GASES DEL CARIBE S.A. EMPRESA DE SERVICIOS PUBLICOS ,LOMA DEL BALSAMO,1,10.2973404861,-74.0386512339
GAS,484,GASES DEL CARIBE S.A. EMPRESA DE SERVICIOS PUBLICOS ,SANTA ROSALIA,1,10.8341841623,-74.120311519
GAS,618,ALCANOS DE COLOMBIA S.A. E.S.P.,SAN ANTONIO DEL PESCADO,1,2.07220835371,-75.6830068816
GAS,629,GASES DE OCCIDENTE S. A. EMPRESA DE SERVICIOS PUBLICOS,SAN JOAQUIN,1,3.38422357251,-76.4137374666
GAS,629,GASES DE OCCIDENTE S. A. EMPRESA DE SERVICIOS PUBLICOS,PUEBLO NUEVO,1,3.38138741176,-76.5771612508
GAS,629,GASES DE OCCIDENTE S. A. EMPRESA DE SERVICIOS PUBLICOS,CHONTADURO,1,3.49205214668,-76.2076148556
GAS,629,GASES DE OCCIDENTE S. A. EMPRESA DE SERVICIOS PUBLICOS,GUANABANAL,1,3.48379201893,-76.4245106754
GAS,629,GASES DE OCCIDENTE S. A. EMPRESA DE SERVICIOS PUBLICOS,LA HERRADURA,1,3.537441966,-76.351226168
GAS,629,GASES DE OCCIDENTE S. A. EMPRESA DE SERVICIOS PUBLICOS,MORELIA,1,4.47804170763,-76.1168909016
GAS,629,GASES DE OCCIDENTE S. A. EMPRESA DE SERVICIOS PUBLICOS,QUEBRADANUEVA,1,4.37221083198,-75.9495434607
GAS,629,GASES DE OCCIDENTE S. A. EMPRESA DE SERVICIOS PUBLICOS,LA RIVERA,1,4.07074017491,-76.1765513114
GAS,3370,EMPRESA DE ENERGIA DE CASANARE SA ESP,SAN LUIS DE PALENQUE,1,5.42230235915,-71.7324374971
GAS,564,EMPRESAS PUBLICAS DE MEDELLIN E.S.P.,CARACOLI,1,6.40985175825,-74.7574542879
GAS,564,EMPRESAS PUBLICAS DE MEDELLIN E.S.P.,SAN PEDRO DE URABA,1,8.27688468914,-76.3805785791
GAS,498,SURTIDORA DE GAS DEL CARIBE S.A. EMPRESA DE SERVICIOS PUBLICOS ,BARRANCO DE LOBA,1,8.94773040932,-74.105224848
GAS,484,GASES DEL CARIBE S.A. EMPRESA DE SERVICIOS PUBLICOS ,BARRANCA VIEJA,1,10.1492957509,-74.9495062924
GAS,3370,EMPRESA DE ENERGIA DE CASANARE SA ESP,PAJARITO,1,5.29364101567,-72.7032202088
GAS,618,ALCANOS DE COLOMBIA S.A. E.S.P.,NORCASIA,1,5.57479382266,-74.8895443807
GAS,3227,PROMOTORA DE SERVICIOS PUBLICOS S.A. E.S.P.,PENSILVANIA,1,5.38327868783,-75.1603002765
GAS,484,GASES DEL CARIBE S.A. EMPRESA DE SERVICIOS PUBLICOS ,SIBARCO,1,10.8153806149,-74.9753737186
GAS,484,GASES DEL CARIBE S.A. EMPRESA DE SERVICIOS PUBLICOS ,PALUATO,1,10.8751492124,-74.929640843
GAS,484,GASES DEL CARIBE S.A. EMPRESA DE SERVICIOS PUBLICOS ,SAN JOSE DE SACO,1,10.8039903807,-75.0853520576
GAS,629,GASES DE OCCIDENTE S. A. EMPRESA DE SERVICIOS PUBLICOS,PADILLA,1,3.22084946043,-76.3132915458
GAS,484,GASES DEL CARIBE S.A. EMPRESA DE SERVICIOS PUBLICOS ,ARJONA,1,9.53473893458,-73.9109561559
GAS,498,SURTIDORA DE GAS DEL CARIBE S.A. EMPRESA DE SERVICIOS PUBLICOS ,SAN PELAYO,1,8.95800878711,-75.8351254915
GAS,978,"GASES DE LA GUAJIRA S.A., EMPRESA DE SERVICIOS PUBLICOS",ROCHE,1,10.928552554,-72.8077784386
GAS,484,GASES DEL CARIBE S.A. EMPRESA DE SERVICIOS PUBLICOS ,TUCURINCA,1,10.6500480164,-74.1659560965
GAS,618,ALCANOS DE COLOMBIA S.A. E.S.P.,SAN ANDRES TELLO,1,3.04816339803,-75.0153080608
GAS,629,GASES DE OCCIDENTE S. A. EMPRESA DE SERVICIOS PUBLICOS,EL LAURO,1,3.44654936452,-76.3424237457
GAS,618,ALCANOS DE COLOMBIA S.A. E.S.P.,SANTA TERESA,1,4.44452135,-75.261563435
GAS,618,ALCANOS DE COLOMBIA S.A. E.S.P.,PASTALES VIEJO,1,4.50862825624,-75.2989927058
GAS,618,ALCANOS DE COLOMBIA S.A. E.S.P.,MURILLO,1,4.87434134976,-75.1710222819
GAS,618,ALCANOS DE COLOMBIA S.A. E.S.P.,VILLA COLOMBIA,1,3.88294031016,-74.994367166
GAS,629,GASES DE OCCIDENTE S. A. EMPRESA DE SERVICIOS PUBLICOS,EL PEDREGAL,1,3.31338484765,-76.2170898273
GAS,629,GASES DE OCCIDENTE S. A. EMPRESA DE SERVICIOS PUBLICOS,SABALETAS,1,3.71224779972,-76.3203373196
GAS,629,GASES DE OCCIDENTE S. A. EMPRESA DE SERVICIOS PUBLICOS,VILLA VANEGAS,1,3.71987066549,-76.2539111061
GAS,629,GASES DE OCCIDENTE S. A. EMPRESA DE SERVICIOS PUBLICOS,LA CASCADA,1,3.56455537417,-76.2284720322
GAS,629,GASES DE OCCIDENTE S. A. EMPRESA DE SERVICIOS PUBLICOS,LA MORALIA,1,4.03873246558,-76.0890268744
GAS,564,EMPRESAS PUBLICAS DE MEDELLIN E.S.P.,CARAMANTA,1,5.54853427166,-75.6438712654
GAS,564,EMPRESAS PUBLICAS DE MEDELLIN E.S.P.,VENECIA,1,5.96473060641,-75.7355000679
GAS,484,GASES DEL CARIBE S.A. EMPRESA DE SERVICIOS PUBLICOS ,SAN JUAN DE TOCAGUA,1,10.637432168,-75.184687088
GAS,484,GASES DEL CARIBE S.A. EMPRESA DE SERVICIOS PUBLICOS ,PUERTO GIRALDO,1,10.5049581171,-74.8160130401
GAS,629,GASES DE OCCIDENTE S. A. EMPRESA DE SERVICIOS PUBLICOS,LA PAILA,1,3.19512832634,-76.314487869
GAS,484,GASES DEL CARIBE S.A. EMPRESA DE SERVICIOS PUBLICOS ,MARIANGOLA,1,10.1817109011,-73.5872601395
GAS,484,GASES DEL CARIBE S.A. EMPRESA DE SERVICIOS PUBLICOS ,CUATRO VIENTOS,1,9.74066965238,-73.7093898681
GAS,2097,MADIGAS INGENIEROS S.A. E.S.P.,MEDINA,1,4.50661521497,-73.3491229581
GAS,620,GASES DEL LLANO S.A EMPRESA DE SERVICIOS PUBLICOS,QUETAME,1,4.32982614634,-73.863113968
GAS,22388,EMPRESA INTEGRAL DE SERVICIOS OP&S CONSTRUCCIONES SA ESP,SAN JUAN DE RIOSECO,1,4.84757915971,-74.6219134166
GAS,978,"GASES DE LA GUAJIRA S.A., EMPRESA DE SERVICIOS PUBLICOS",CHOLES,1,11.2475107647,-73.0533312915
GAS,978,"GASES DE LA GUAJIRA S.A., EMPRESA DE SERVICIOS PUBLICOS",CHORRERAS,1,10.9277809271,-72.9436962119
GAS,618,ALCANOS DE COLOMBIA S.A. E.S.P.,JAMONDINO,1,1.18395967832,-77.2598425904
GAS,620,GASES DEL LLANO S.A EMPRESA DE SERVICIOS PUBLICOS,EL CASTILLO,1,3.56383333473,-73.7940123336
GAS,618,ALCANOS DE COLOMBIA S.A. E.S.P.,BELEN,1,2.20154769213,-76.0481894942
GAS,618,ALCANOS DE COLOMBIA S.A. E.S.P.,LA ULLOA,1,2.80982069936,-75.2289928519
GAS,1302,GASES DEL ORIENTE S.A.  EMPRESA DE SERVICIOS PUBLICOS DOMICILIARIOS,SARDINATA,1,8.08202065536,-72.8007580493
GAS,629,GASES DE OCCIDENTE S. A. EMPRESA DE SERVICIOS PUBLICOS,BRISAS DEL FRAILE,1,3.379193961,-76.34618983
GAS,629,GASES DE OCCIDENTE S. A. EMPRESA DE SERVICIOS PUBLICOS,SAN ANTONIO DE LOS CABALLEROS,1,3.35330929789,-76.2979763363
GAS,629,GASES DE OCCIDENTE S. A. EMPRESA DE SERVICIOS PUBLICOS,VILLA FLAMENGO,1,3.31698281677,-76.4997104924
GAS,629,GASES DE OCCIDENTE S. A. EMPRESA DE SERVICIOS PUBLICOS,SAN FERNANDO,1,4.33977045887,-76.1675225371
GAS,498,SURTIDORA DE GAS DEL CARIBE S.A. EMPRESA DE SERVICIOS PUBLICOS ,SAN ANTONIO,1,9.28184537692,-75.4608558097
GAS,564,EMPRESAS PUBLICAS DE MEDELLIN E.S.P.,LIBORINA,1,6.67732537607,-75.8128326075
GAS,23015,VP INGENERGIA S.A. E.S.P.,"BOGOTA, D.C.",1,4.64993705899,-74.106715324
GAS,498,SURTIDORA DE GAS DEL CARIBE S.A. EMPRESA DE SERVICIOS PUBLICOS ,ACHI,1,8.56945622216,-74.5575205453
GAS,484,GASES DEL CARIBE S.A. EMPRESA DE SERVICIOS PUBLICOS ,MARTILLO,1,10.6273797091,-74.8304819985
GAS,484,GASES DEL CARIBE S.A. EMPRESA DE SERVICIOS PUBLICOS ,ALGODONAL,1,10.3491096384,-74.9494365853
GAS,629,GASES DE OCCIDENTE S. A. EMPRESA DE SERVICIOS PUBLICOS,ORTIGAL,1,3.28005418899,-76.3463284136
GAS,618,ALCANOS DE COLOMBIA S.A. E.S.P.,TOTORO,1,2.51025062018,-76.4036268299
GAS,629,GASES DE OCCIDENTE S. A. EMPRESA DE SERVICIOS PUBLICOS,JUAN IGNACIO,1,3.22073953121,-76.4434159493
GAS,26728,VIDA GAS POR NATURALEZA S.A. E.S.P.,GUATAVITA,1,4.93513630968,-73.8329037894
GAS,26096,YAVEGAS S.A. E.S.P.,UBALA,1,4.74752288166,-73.5315000926
GAS,618,ALCANOS DE COLOMBIA S.A. E.S.P.,UTICA,1,5.19058902078,-74.4831194836
GAS,498,SURTIDORA DE GAS DEL CARIBE S.A. EMPRESA DE SERVICIOS PUBLICOS ,SAN ANDRES DE SOTAVENTO,1,9.14515876439,-75.5088929562
GAS,978,"GASES DE LA GUAJIRA S.A., EMPRESA DE SERVICIOS PUBLICOS",BUENAVISTA,1,10.8822578739,-72.8912688861
GAS,978,"GASES DE LA GUAJIRA S.A., EMPRESA DE SERVICIOS PUBLICOS",LOS HATICOS,1,10.7450933385,-73.0743872222
GAS,484,GASES DEL CARIBE S.A. EMPRESA DE SERVICIOS PUBLICOS ,CANTAGALLAR,1,10.3489247336,-74.8005208298
GAS,1887,EFIGAS GAS NATURAL S.A E.S.P ,APIA,1,5.10652456009,-75.942359483
GAS,2225,GAS NATURAL CUNDIBOYACENSE SA ESP,FLORIAN,1,5.80465898835,-73.9714235605
GAS,618,ALCANOS DE COLOMBIA S.A. E.S.P.,EL BAURA,1,3.88265830961,-74.9294715702
GAS,629,GASES DE OCCIDENTE S. A. EMPRESA DE SERVICIOS PUBLICOS,ANACARO,1,4.78640241015,-75.9706033489
GAS,498,SURTIDORA DE GAS DEL CARIBE S.A. EMPRESA DE SERVICIOS PUBLICOS ,CAIMITO,1,8.78932537693,-75.1171440547
GAS,498,SURTIDORA DE GAS DEL CARIBE S.A. EMPRESA DE SERVICIOS PUBLICOS ,EL ROBLE,1,9.10066970519,-75.1984347707
GAS,629,GASES DE OCCIDENTE S. A. EMPRESA DE SERVICIOS PUBLICOS,LA TUPIA,1,3.40310770617,-76.3098687085
GAS,3370,EMPRESA DE ENERGIA DE CASANARE SA ESP,HATO COROZAL,1,6.15617263862,-71.7649240225
GAS,564,EMPRESAS PUBLICAS DE MEDELLIN E.S.P.,SAN JUAN DE URABA,1,8.75934428139,-76.5288010416
GAS,564,EMPRESAS PUBLICAS DE MEDELLIN E.S.P.,FREDONIA,1,5.9280855467,-75.6750932516
GAS,564,EMPRESAS PUBLICAS DE MEDELLIN E.S.P.,GUARNE,1,6.27802696108,-75.4416535712
GAS,564,EMPRESAS PUBLICAS DE MEDELLIN E.S.P.,JERICO,1,5.78974203756,-75.7855038531
GAS,484,GASES DEL CARIBE S.A. EMPRESA DE SERVICIOS PUBLICOS ,CALAMAR,1,10.2503611819,-74.9161222621
GAS,564,EMPRESAS PUBLICAS DE MEDELLIN E.S.P.,VEGACHI,1,6.77345020849,-74.7987268739
GAS,564,EMPRESAS PUBLICAS DE MEDELLIN E.S.P.,YALI,1,6.67657240531,-74.8400531922
GAS,484,GASES DEL CARIBE S.A. EMPRESA DE SERVICIOS PUBLICOS ,LA PUNTICA,1,10.6164253769,-75.164213574
GAS,484,GASES DEL CARIBE S.A. EMPRESA DE SERVICIOS PUBLICOS ,HIBACHARO,1,10.7153448264,-75.1354639424
GAS,484,GASES DEL CARIBE S.A. EMPRESA DE SERVICIOS PUBLICOS ,PITAL DEL CARLIN (PITALITO),1,10.8115639401,-74.840335926
GAS,498,SURTIDORA DE GAS DEL CARIBE S.A. EMPRESA DE SERVICIOS PUBLICOS ,LOS CORDOBAS,1,8.89216246089,-76.3551906966
GAS,484,GASES DEL CARIBE S.A. EMPRESA DE SERVICIOS PUBLICOS ,BADILLO,1,10.6308729923,-73.1283745448
GAS,484,GASES DEL CARIBE S.A. EMPRESA DE SERVICIOS PUBLICOS ,EL ALTO DE LA VUELTA,1,10.5877009155,-73.1419738422
GAS,618,ALCANOS DE COLOMBIA S.A. E.S.P.,GUAYABAL DE SIQUIMA,1,4.87796944798,-74.4674372775
GAS,618,ALCANOS DE COLOMBIA S.A. E.S.P.,SAN ANTONIO DEL TEQUENDAMA,1,4.61613464307,-74.3514505895
GAS,618,ALCANOS DE COLOMBIA S.A. E.S.P.,SUPATA,1,5.06161647674,-74.2354038495
GAS,484,GASES DEL CARIBE S.A. EMPRESA DE SERVICIOS PUBLICOS ,ROSARIO DEL CHENGUE,1,10.251975462,-74.8442472333
GAS,484,GASES DEL CARIBE S.A. EMPRESA DE SERVICIOS PUBLICOS ,PALMIRA,1,10.9795893769,-74.3120029915
GAS,484,GASES DEL CARIBE S.A. EMPRESA DE SERVICIOS PUBLICOS ,SAN ANGEL,1,10.0325378237,-74.2139389889
GAS,484,GASES DEL CARIBE S.A. EMPRESA DE SERVICIOS PUBLICOS ,SAN SEBASTIAN DE BUENAVISTA,1,9.24078172832,-74.3516789515
GAS,620,GASES DEL LLANO S.A EMPRESA DE SERVICIOS PUBLICOS,PUERTO GAITAN,1,4.314485152,-72.083078729
GAS,1173,METROGAS DE COLOMBIA S.A. E.S.P. ,PARAMO,1,6.41659506947,-73.1703905871
GAS,629,GASES DE OCCIDENTE S. A. EMPRESA DE SERVICIOS PUBLICOS,QUEBRADASECA,1,3.86398432485,-76.2948694452
GAS,629,GASES DE OCCIDENTE S. A. EMPRESA DE SERVICIOS PUBLICOS,EL ARENAL,1,3.3873182212,-76.3558957065
GAS,1173,METROGAS DE COLOMBIA S.A. E.S.P. ,VILLANUEVA,1,6.6700764461,-73.1743072555
GAS,629,GASES DE OCCIDENTE S. A. EMPRESA DE SERVICIOS PUBLICOS,COSTA RICA,1,3.75174883379,-76.2341788648
GAS,629,GASES DE OCCIDENTE S. A. EMPRESA DE SERVICIOS PUBLICOS,AMAIME,1,3.60639518896,-76.2736010338
GAS,629,GASES DE OCCIDENTE S. A. EMPRESA DE SERVICIOS PUBLICOS,PALOMESTIZO,1,4.0850147977,-76.2313624019
GAS,629,GASES DE OCCIDENTE S. A. EMPRESA DE SERVICIOS PUBLICOS,ARROYOHONDO,1,3.51218007173,-76.519515704
GAS,564,EMPRESAS PUBLICAS DE MEDELLIN E.S.P.,SALGAR,1,5.965640311,-75.982048544
GAS,498,SURTIDORA DE GAS DEL CARIBE S.A. EMPRESA DE SERVICIOS PUBLICOS ,TARAZA,1,7.58011943984,-75.4014092118
GAS,564,EMPRESAS PUBLICAS DE MEDELLIN E.S.P.,LA UNION,1,5.97387113417,-75.3608622911
GAS,597,EMGESA S.A. E.S.P.,"BOGOTA, D.C.",1,4.64993705899,-74.106715324
GAS,498,SURTIDORA DE GAS DEL CARIBE S.A. EMPRESA DE SERVICIOS PUBLICOS ,EL PE?ON,1,8.98822535038,-73.9494279539
GAS,2225,GAS NATURAL CUNDIBOYACENSE SA ESP,BRICE?O,1,5.6908769735,-73.9232607965
GAS,618,ALCANOS DE COLOMBIA S.A. E.S.P.,LA AGUADITA,1,4.38843370024,-74.3247977768
GAS,26096,YAVEGAS S.A. E.S.P.,GAMA,1,4.76334094534,-73.6110316368
GAS,32213,KEOPS Y ASOCIADOS SAS ESP,PUENTE DE PIEDRA,1,4.817937656,-74.223144799
GAS,618,ALCANOS DE COLOMBIA S.A. E.S.P.,VIANI,1,4.87520248858,-74.5613311936
GAS,618,ALCANOS DE COLOMBIA S.A. E.S.P.,POLONIA,1,3.18586688626,-75.2172768074
GAS,978,"GASES DE LA GUAJIRA S.A., EMPRESA DE SERVICIOS PUBLICOS",PATILLA,1,10.9347465341,-72.8086363364
GAS,498,SURTIDORA DE GAS DEL CARIBE S.A. EMPRESA DE SERVICIOS PUBLICOS ,TIERRA BOMBA,1,10.3772979772,-75.5745540305
GAS,564,EMPRESAS PUBLICAS DE MEDELLIN E.S.P.,VALPARAISO,1,5.6145548154,-75.6244635468
GAS,484,GASES DEL CARIBE S.A. EMPRESA DE SERVICIOS PUBLICOS ,LA PE?A,1,10.582895985,-75.02411422
GAS,618,ALCANOS DE COLOMBIA S.A. E.S.P.,TUNIA,1,2.67581295003,-76.5338641913
GAS,498,SURTIDORA DE GAS DEL CARIBE S.A. EMPRESA DE SERVICIOS PUBLICOS ,SAN CARLOS,1,8.7991072141,-75.698841723
GAS,620,GASES DEL LLANO S.A EMPRESA DE SERVICIOS PUBLICOS,FOSCA,1,4.33910044417,-73.9390162392
GAS,620,GASES DEL LLANO S.A EMPRESA DE SERVICIOS PUBLICOS,GUAYABETAL,1,4.21529724505,-73.8150933246
GAS,26096,YAVEGAS S.A. E.S.P.,LA PALMA,1,5.35881843551,-74.3910209321
GAS,618,ALCANOS DE COLOMBIA S.A. E.S.P.,LA PE?A,1,5.19896214326,-74.3940946971
GAS,2097,MADIGAS INGENIEROS S.A. E.S.P.,PARATEBUENO,1,4.37483210325,-73.2128246502
GAS,618,ALCANOS DE COLOMBIA S.A. E.S.P.,SASAIMA,1,4.96216463559,-74.4326283935
GAS,618,ALCANOS DE COLOMBIA S.A. E.S.P.,SANTA RITA,1,3.24264125,-75.566564957
GAS,978,"GASES DE LA GUAJIRA S.A., EMPRESA DE SERVICIOS PUBLICOS",DIBULLA,1,11.2715687878,-73.3076206855
GAS,978,"GASES DE LA GUAJIRA S.A., EMPRESA DE SERVICIOS PUBLICOS",CAMPANA NUEVO,1,11.2325705163,-73.2181029715
GAS,2097,MADIGAS INGENIEROS S.A. E.S.P.,SAN MARTIN,1,3.70188012803,-73.6956173593
GAS,1173,METROGAS DE COLOMBIA S.A. E.S.P. ,CURITI,1,6.6051082188,-73.0693896277
GAS,498,SURTIDORA DE GAS DEL CARIBE S.A. EMPRESA DE SERVICIOS PUBLICOS ,LA UNION,1,8.85397531911,-75.2760559341
GAS,629,GASES DE OCCIDENTE S. A. EMPRESA DE SERVICIOS PUBLICOS,LA HABANA,1,3.88067297158,-76.1923277636
GAS,629,GASES DE OCCIDENTE S. A. EMPRESA DE SERVICIOS PUBLICOS,CEILAN,1,4.11211589286,-76.0413397288
GAS,629,GASES DE OCCIDENTE S. A. EMPRESA DE SERVICIOS PUBLICOS,EL OVERO (SECTOR LA MARIA),1,4.24525276106,-76.126191082
GAS,618,ALCANOS DE COLOMBIA S.A. E.S.P.,CHENCHE UNO,1,3.88231044166,-74.9752359442
GAS,629,GASES DE OCCIDENTE S. A. EMPRESA DE SERVICIOS PUBLICOS,PIZAMOS,1,3.31472258403,-76.4882917976
GAS,629,GASES DE OCCIDENTE S. A. EMPRESA DE SERVICIOS PUBLICOS,TAMBORAL,1,4.16814495739,-76.1860678786
GAS,629,GASES DE OCCIDENTE S. A. EMPRESA DE SERVICIOS PUBLICOS,SIMON BOLIVAR,1,3.28308318734,-76.2171237247
GAS,629,GASES DE OCCIDENTE S. A. EMPRESA DE SERVICIOS PUBLICOS,BOLO LA ITALIA,1,3.46804423,-76.323586452
GAS,629,GASES DE OCCIDENTE S. A. EMPRESA DE SERVICIOS PUBLICOS,BOLO SAN ISIDRO,1,3.461748583,-76.334606662
GAS,629,GASES DE OCCIDENTE S. A. EMPRESA DE SERVICIOS PUBLICOS,POTRERILLO,1,3.55494898805,-76.2007087103
GAS,629,GASES DE OCCIDENTE S. A. EMPRESA DE SERVICIOS PUBLICOS,LA GRANJA,1,3.39972363529,-76.2382635421
GAS,629,GASES DE OCCIDENTE S. A. EMPRESA DE SERVICIOS PUBLICOS,SAN PEDRO,1,3.99499221389,-76.2285395519
GAS,629,GASES DE OCCIDENTE S. A. EMPRESA DE SERVICIOS PUBLICOS,MIRAVALLE DAPA,1,3.55965538655,-76.5539442144
GAS,629,GASES DE OCCIDENTE S. A. EMPRESA DE SERVICIOS PUBLICOS,PILAS DE DAPA,1,3.52959790045,-76.5286123436
GAS,564,EMPRESAS PUBLICAS DE MEDELLIN E.S.P.,CAROLINA DEL PRINCIPE,1,6.72597625966,-75.2831680463
GAS,564,EMPRESAS PUBLICAS DE MEDELLIN E.S.P.,SOPETRAN,1,6.50099259435,-75.7472528656
GAS,498,SURTIDORA DE GAS DEL CARIBE S.A. EMPRESA DE SERVICIOS PUBLICOS ,BOCACHICA,1,10.326879188,-75.578590825
GAS,484,GASES DEL CARIBE S.A. EMPRESA DE SERVICIOS PUBLICOS ,HATO VIEJO,1,10.3036106401,-75.0391945725
GAS,2225,GAS NATURAL CUNDIBOYACENSE SA ESP,CERINZA,1,5.95603263546,-72.9482718544
GAS,484,GASES DEL CARIBE S.A. EMPRESA DE SERVICIOS PUBLICOS ,ARROYO DE PIEDRA,1,10.6308263689,-75.1050487485
GAS,484,GASES DEL CARIBE S.A. EMPRESA DE SERVICIOS PUBLICOS ,GALLEGO,1,10.5529578776,-74.919730086
GAS,484,GASES DEL CARIBE S.A. EMPRESA DE SERVICIOS PUBLICOS ,GUACOCHE,1,10.4963786572,-73.165520461
GAS,484,GASES DEL CARIBE S.A. EMPRESA DE SERVICIOS PUBLICOS ,ASTREA,1,9.49816273938,-73.9758629785
GAS,618,ALCANOS DE COLOMBIA S.A. E.S.P.,ALBAN,1,4.87802613952,-74.4382648986
GAS,618,ALCANOS DE COLOMBIA S.A. E.S.P.,GUATAQUI,1,4.5174185796,-74.7899684165
GAS,978,"GASES DE LA GUAJIRA S.A., EMPRESA DE SERVICIOS PUBLICOS",TOMARRAZON (TREINTA),1,11.1330918598,-72.9260802618
GAS,978,"GASES DE LA GUAJIRA S.A., EMPRESA DE SERVICIOS PUBLICOS",LA JAGUA DEL PILAR,1,10.5116713993,-73.0725613221
GAS,978,"GASES DE LA GUAJIRA S.A., EMPRESA DE SERVICIOS PUBLICOS",LA JUNTA,1,10.7720911595,-73.1457360488
GAS,20518,SURCOLOMBIANA DE GAS S.A E.S.P,GUADALUPE,1,2.0241600111,-75.7570381788
GAS,20518,SURCOLOMBIANA DE GAS S.A E.S.P,SAN AGUSTIN,1,1.8810855128,-76.2703587983
GAS,618,ALCANOS DE COLOMBIA S.A. E.S.P.,CARMEN DE BULIRA,1,4.30429494169,-75.200561668
GAS,618,ALCANOS DE COLOMBIA S.A. E.S.P.,SANTA TERESA,1,4.797850933,-75.051637154
GAS,22388,EMPRESA INTEGRAL DE SERVICIOS OP&S CONSTRUCCIONES SA ESP,PURIFICACION,1,3.8572509421,-74.9353707228
GAS,618,ALCANOS DE COLOMBIA S.A. E.S.P.,SANTA ISABEL,1,4.71359930225,-75.0979346338
GAS,629,GASES DE OCCIDENTE S. A. EMPRESA DE SERVICIOS PUBLICOS,CASCAJAL I,1,3.31655198964,-76.5099932396
GAS,629,GASES DE OCCIDENTE S. A. EMPRESA DE SERVICIOS PUBLICOS,TIMBA,1,3.1231812666,-76.6239618277
GAS,629,GASES DE OCCIDENTE S. A. EMPRESA DE SERVICIOS PUBLICOS,PALMASECA,1,3.5101392445,-76.4346824831
GAS,629,GASES DE OCCIDENTE S. A. EMPRESA DE SERVICIOS PUBLICOS,LA BUITRERA,1,3.4845841844,-76.208809892
GAS,629,GASES DE OCCIDENTE S. A. EMPRESA DE SERVICIOS PUBLICOS,CAJAMARCA,1,4.480126827,-76.214614029
GAS,629,GASES DE OCCIDENTE S. A. EMPRESA DE SERVICIOS PUBLICOS,GATO NEGRO,1,4.12761715516,-76.2187955991
GAS,629,GASES DE OCCIDENTE S. A. EMPRESA DE SERVICIOS PUBLICOS,MEDIACANOA,1,3.89760213053,-76.3728334143
GAS,22511,EMPRESA MUNICIPAL DE SERVICIOS PUBLICOS DE OROCUE SA ESP,OROCUE,1,4.79026959264,-71.3385186268
GAS,498,SURTIDORA DE GAS DEL CARIBE S.A. EMPRESA DE SERVICIOS PUBLICOS ,CACERES,1,7.57831474335,-75.3523573153
GAS,564,EMPRESAS PUBLICAS DE MEDELLIN E.S.P.,PE?OL,1,6.21945021233,-75.2428178132
GAS,618,ALCANOS DE COLOMBIA S.A. E.S.P.,LA MERCEDES,1,5.92800018537,-74.7734413396
GAS,564,EMPRESAS PUBLICAS DE MEDELLIN E.S.P.,BETULIA,1,6.11525553285,-75.9845155699
GAS,564,EMPRESAS PUBLICAS DE MEDELLIN E.S.P.,GRANADA,1,6.1429023597,-75.1844500639
